date,title,volume,authors,type,abstract,method,keyword,n_volume
2022-03-10,Precision measurement of cardiac structure and function in cardiovascular magnetic resonance using machine learning,"Volume 24, article number 16, (2022)","Rhodri H. Davies1,2,3, João B. Augusto1,2, Anish Bhuva1,2, Hui Xue4, Thomas A. Treibel1,2, Yang Ye2, Rebecca K. Hughes1,2, Wenjia Bai5, Clement Lau2,6, Hunain Shiwani1,2, Marianna Fontana1,7, Rebecca Kozor8, Anna Herrey2, Luis R. Lopes1,2, Viviana Maestrini9, Stefania Rosmini1,2, Steffen E. Petersen2,6, Peter Kellman4, Daniel Rueckert10, John P. Greenwood11, Gabriella Captur1,3, Charlotte Manisty1,2, Erik Schelbert12,13 & …James C. Moon ORCID: orcid.org/0000-0001-8071-14911,2 Show authors 9795 Accesses 301 Altmetric 36 Mentions ",Research,"Measurement of cardiac structure and function from images (e.g. volumes, mass and derived parameters such as left ventricular (LV) ejection fraction [LVEF]) guides care for millions. This is best assessed using cardiovascular magnetic resonance (CMR), but image analysis is currently performed by individual clinicians, which introduces error. We sought to develop a machine learning algorithm for volumetric analysis of CMR images with demonstrably better precision than human analysis.","A fully automated machine learning algorithm was trained on 1923 scans (10 scanner models, 13 institutions, 9 clinical conditions, 60,000 contours) and used to segment the LV blood volume and myocardium. Performance was quantified by measuring precision on an independent multi-site validation dataset with multiple pathologies with n = 109 patients, scanned twice. This dataset was augmented with a further 1277 patients scanned as part of routine clinical care to allow qualitative assessment of generalization ability by identifying mis-segmentations. Machine learning algorithm (‘machine’) performance was compared to three clinicians (‘human’) and a commercial tool (cvi42, Circle Cardiovascular Imaging).",machine learning,24
2023-02-27,A deep learning approach for fully automated cardiac shape modeling in tetralogy of Fallot,"Volume 25, article number 15, (2023)","Sachin Govil1 na1, Brendan T. Crabb1 na1, Yu Deng2, Laura Dal Toso2, Esther Puyol-Antón2, Kuberan Pushparajah2, Sanjeet Hegde3,4, James C. Perry3,4, Jeffrey H. Omens1, Albert Hsiao5, Alistair A. Young2 & …Andrew D. McCulloch ORCID: orcid.org/0000-0002-1708-56751 Show authors 4644 Accesses 3 Altmetric ",Technical notes,"Cardiac shape modeling is a useful computational tool that has provided quantitative insights into the mechanisms underlying dysfunction in heart disease. The manual input and time required to make cardiac shape models, however, limits their clinical utility. Here we present an end-to-end pipeline that uses deep learning for automated view classification, slice selection, phase selection, anatomical landmark localization, and myocardial image segmentation for the automated generation of three-dimensional, biventricular shape models. With this approach, we aim to make cardiac shape modeling a more robust and broadly applicable tool that has processing times consistent with clinical workflows.","Cardiovascular magnetic resonance (CMR) images from a cohort of 123 patients with repaired tetralogy of Fallot (rTOF) from two internal sites were used to train and validate each step in the automated pipeline. The complete automated pipeline was tested using CMR images from a cohort of 12 rTOF patients from an internal site and 18 rTOF patients from an external site. Manually and automatically generated shape models from the test set were compared using Euclidean projection distances, global ventricular measurements, and atlas-based shape mode scores.",machine learning,25
2022-06-27,Radiomics and deep learning for myocardial scar screening in hypertrophic cardiomyopathy,"Volume 24, article number 40, (2022)","Ahmed S. Fahmy ORCID: orcid.org/0000-0003-1992-68931, Ethan J. Rowin2, Arghavan Arafati1, Talal Al-Otaibi1, Martin S. Maron2 & …Reza Nezafat1 Show authors 6182 Accesses 2 Altmetric ",Research,"Myocardial scar burden quantified using late gadolinium enhancement (LGE) cardiovascular magnetic resonance (CMR), has important prognostic value in hypertrophic cardiomyopathy (HCM). However, nearly 50% of HCM patients have no scar but undergo repeated gadolinium-based CMR over their life span. We sought to develop an artificial intelligence (AI)-based screening model using radiomics and deep learning (DL) features extracted from balanced steady state free precession (bSSFP) cine sequences to identify HCM patients without scar.","We evaluated three AI-based screening models using bSSFP cine image features extracted by radiomics, DL, or combined DL-Radiomics. Images for 759 HCM patients (50 ± 16 years, 66% men) in a multi-center/vendor study were used to develop and test model performance. An external dataset of 100 HCM patients (53 ± 14 years, 70% men) was used to assess model generalizability. Model performance was evaluated using area-under-receiver-operating curve (AUC).",machine learning,24
2022-06-20,Highlights of the Virtual Society for Cardiovascular Magnetic Resonance 2022 Scientific Conference: CMR: improving cardiovascular care around the world,"Volume 24, article number 38, (2022)","Vineeta Ojha ORCID: orcid.org/0000-0003-4371-56151, Omar K. Khalique2, Rishabh Khurana1, Daniel Lorenzatti3, Steve W. Leung4, Benny Lawton5, Timothy C. Slesnick6, Joao C. Cavalcante7, Chiara Bucciarelli Ducci8, Amit R. Patel9, Claudia C. Prieto10, Sven Plein11, Subha V. Raman12, Michael Salerno13 & …Purvi Parwani14 Show authors 4494 Accesses 3 Altmetric  This article has been updated",Review,NA,NA,machine learning,24
2020-12-07,Deep learning to diagnose cardiac amyloidosis from cardiovascular magnetic resonance,"Volume 22, article number 84, (2020)","Nicola Martini ORCID: orcid.org/0000-0003-3008-01631, Alberto Aimo2,3, Andrea Barison2,3, Daniele Della Latta1, Giuseppe Vergaro2,3, Giovanni Donato Aquaro3, Andrea Ripoli1, Michele Emdin2,3 & …Dante Chiappino1 Show authors 6664 Accesses 8 Altmetric ",Research,Cardiovascular magnetic resonance (CMR) is part of the diagnostic work-up for cardiac amyloidosis (CA). Deep learning (DL) is an application of artificial intelligence that may allow to automatically analyze CMR findings and establish the likelihood of CA.,"1.5 T CMR was performed in 206 subjects with suspected CA (n = 100, 49% with unexplained left ventricular (LV) hypertrophy; n = 106, 51% with blood dyscrasia and suspected light-chain amyloidosis). Patients were randomly assigned to the training (n = 134, 65%), validation (n = 30, 15%), and testing subgroups (n = 42, 20%). Short axis, 2-chamber, 4-chamber late gadolinium enhancement (LGE) images were evaluated by 3 networks (DL algorithms). The tags “amyloidosis present” or “absent” were attributed when the average probability of CA from the 3 networks was ≥ 50% or < 50%, respectively. The DL strategy was compared to a machine learning (ML) algorithm considering all manually extracted features (LV volumes, mass and function, LGE pattern, early blood-pool darkening, pericardial and pleural effusion, etc.), to reproduce exam reading by an experienced operator.",machine learning,22
2019-10-07,Machine learning in cardiovascular magnetic resonance: basic concepts and applications,"Volume 21, article number 61, (2019)","Tim Leiner ORCID: orcid.org/0000-0003-1885-54991, Daniel Rueckert2, Avan Suinesiaputra3, Bettina Baeßler4,5, Reza Nezafat6, Ivana Išgum7 & …Alistair A. Young3,8 Show authors 27k Accesses 49 Altmetric ",Review,NA,NA,machine learning,21
2022-11-07,Automatic segmentation of the great arteries for computational hemodynamic assessment,"Volume 24, article number 57, (2022)","Javier Montalt-Tordera1 na1, Endrit Pajaziti1 na1, Rod Jones2, Emilie Sauvage1, Rajesh Puranik3,4, Aakansha Ajay Vir Singh3,4, Claudio Capelli1, Jennifer Steeden1, Silvia Schievano1 & …Vivek Muthurangu ORCID: orcid.org/0000-0002-4292-64561 Show authors 3769 Accesses 1 Altmetric ",Research,"Computational fluid dynamics (CFD) is increasingly used for the assessment of blood flow conditions in patients with congenital heart disease (CHD). This requires patient-specific anatomy, typically obtained from segmented 3D cardiovascular magnetic resonance (CMR) images. However, segmentation is time-consuming and requires expert input. This study aims to develop and validate a machine learning (ML) method for segmentation of the aorta and pulmonary arteries for CFD studies.","90 CHD patients were retrospectively selected for this study. 3D CMR images were manually segmented to obtain ground-truth (GT) background, aorta and pulmonary artery labels. These were used to train and optimize a U-Net model, using a 70-10-10 train-validation-test split. Segmentation performance was primarily evaluated using Dice score. CFD simulations were set up from GT and ML segmentations using a semi-automatic meshing and simulation pipeline. Mean pressure and velocity fields across 99 planes along the vessel centrelines were extracted, and a mean average percentage error (MAPE) was calculated for each vessel pair (ML vs GT). A second observer (SO) segmented the test dataset for assessment of inter-observer variability. Friedman tests were used to compare ML vs GT, SO vs GT and ML vs SO metrics, and pressure/velocity field errors.",machine learning,24
2022-01-06,Accelerated cardiac T1 mapping in four heartbeats with inline MyoMapNet: a deep learning-based T1 estimation approach,"Volume 24, article number 6, (2022)","Rui Guo ORCID: orcid.org/0000-0002-5188-62811, Hossam El-Rewaidy1, Salah Assana1, Xiaoying Cai1,2, Amine Amyar1, Kelvin Chow3, Xiaoming Bi3, Tuyen Yankama1, Julia Cirillo1, Patrick Pierce1, Beth Goddu1, Long Ngo1 & …Reza Nezafat1 Show authors 5969 Accesses 5 Altmetric ",Research,"To develop and evaluate MyoMapNet, a rapid myocardial T1 mapping approach that uses fully connected neural networks (FCNN) to estimate T1 values from four T1-weighted images collected after a single inversion pulse in four heartbeats (Look-Locker, LL4).","We implemented an FCNN for MyoMapNet to estimate T1 values from a reduced number of T1-weighted images and corresponding inversion-recovery times. We studied MyoMapNet performance when trained using native, post-contrast T1, or a combination of both. We also explored the effects of number of T1-weighted images (four and five) for native T1. After rigorous training using in-vivo modified Look-Locker inversion recovery (MOLLI) T1 mapping data of 607 patients, MyoMapNet performance was evaluated using MOLLI T1 data from 61 patients by discarding the additional T1-weighted images. Subsequently, we implemented a prototype MyoMapNet and LL4 on a 3 T scanner. LL4 was used to collect T1 mapping data in 27 subjects with inline T1 map reconstruction by MyoMapNet. The resulting T1 values were compared to MOLLI.",machine learning,24
2021-03-11,Fully-automated global and segmental strain analysis of DENSE cardiovascular magnetic resonance using deep learning for segmentation and phase unwrapping,"Volume 23, article number 20, (2021)","Sona Ghadimi1, Daniel A. Auger1, Xue Feng1, Changyu Sun1, Craig H. Meyer1, Kenneth C. Bilchick2, Jie Jane Cao3, Andrew D. Scott4, John N. Oshinski5, Daniel B. Ennis6 & …Frederick H. Epstein ORCID: orcid.org/0000-0002-1954-19881 Show authors 5087 Accesses 5 Altmetric ",Research,"Cardiovascular magnetic resonance (CMR) cine displacement encoding with stimulated echoes (DENSE) measures heart motion by encoding myocardial displacement into the signal phase, facilitating high accuracy and reproducibility of global and segmental myocardial strain and providing benefits in clinical performance. While conventional methods for strain analysis of DENSE images are faster than those for myocardial tagging, they still require manual user assistance. The present study developed and evaluated deep learning methods for fully-automatic DENSE strain analysis.","Convolutional neural networks (CNNs) were developed and trained to (a) identify the left-ventricular (LV) epicardial and endocardial borders, (b) identify the anterior right-ventricular (RV)-LV insertion point, and (c) perform phase unwrapping. Subsequent conventional automatic steps were employed to compute strain. The networks were trained using 12,415 short-axis DENSE images from 45 healthy subjects and 19 heart disease patients and were tested using 10,510 images from 25 healthy subjects and 19 patients. Each individual CNN was evaluated, and the end-to-end fully-automatic deep learning pipeline was compared to conventional user-assisted DENSE analysis using linear correlation and Bland Altman analysis of circumferential strain.",machine learning,23
2019-01-07,Machine learning derived segmentation of phase velocity encoded cardiovascular magnetic resonance for fully automated aortic flow quantification,"Volume 21, article number 1, (2019)","Alex Bratt1, Jiwon Kim1,2, Meridith Pollie2, Ashley N. Beecy2, Nathan H. Tehrani2, Noel Codella3, Rocio Perez-Johnston4, Maria Chiara Palumbo2, Javid Alakbarli2, Wayne Colizza1, Ian R. Drexler1, Clerio F. Azevedo5, Raymond J. Kim5, Richard B. Devereux2 & …Jonathan W. Weinsaft ORCID: orcid.org/0000-0002-8386-02971,2,4,6 Show authors 6943 Accesses 17 Altmetric ",Research,"Phase contrast (PC) cardiovascular magnetic resonance (CMR) is widely employed for flow quantification, but analysis typically requires time consuming manual segmentation which can require human correction. Advances in machine learning have markedly improved automated processing, but have yet to be applied to PC-CMR. This study tested a novel machine learning model for fully automated analysis of PC-CMR aortic flow.",A machine learning model was designed to track aortic valve borders based on neural network approaches. The model was trained in a derivation cohort encompassing 150 patients who underwent clinical PC-CMR then compared to manual and commercially-available automated segmentation in a prospective validation cohort. Further validation testing was performed in an external cohort acquired from a different site/CMR vendor.,machine learning,21
2022-04-07,Training and clinical testing of artificial intelligence derived right atrial cardiovascular magnetic resonance measurements,"Volume 24, article number 25, (2022)","Faisal Alandejani1, Samer Alabed1,2, Pankaj Garg3, Ze Ming Goh1, Kavita Karunasaagarar4, Michael Sharkey1,4, Mahan Salehi1, Ziad Aldabbagh1, Krit Dwivedi1, Michail Mamalakis1, Pete Metherall4, Johanna Uthoff5, Chris Johns1, Alexander Rothman1,2,6, Robin Condliffe6, Abdul Hameed1,6, Athanasios Charalampoplous6, Haiping Lu2,5, Sven Plein7, John P. Greenwood7, Allan Lawrie1, Jim M. Wild1,2, Patrick J. H. de Koning8, David G. Kiely1,2,6, Rob Van Der Geest8 na1 & …Andrew J. Swift ORCID: orcid.org/0000-0002-8772-409X1,2 na1 Show authors 4876 Accesses 3 Altmetric ",Research,"Right atrial (RA) area predicts mortality in patients with pulmonary hypertension, and is recommended by the European Society of Cardiology/European Respiratory Society pulmonary hypertension guidelines. The advent of deep learning may allow more reliable measurement of RA areas to improve clinical assessments. The aim of this study was to automate cardiovascular magnetic resonance (CMR) RA area measurements and evaluate the clinical utility by assessing repeatability, correlation with invasive haemodynamics and prognostic value.","A deep learning RA area CMR contouring model was trained in a multicentre cohort of 365 patients with pulmonary hypertension, left ventricular pathology and healthy subjects. Inter-study repeatability (intraclass correlation coefficient (ICC)) and agreement of contours (DICE similarity coefficient (DSC)) were assessed in a prospective cohort (n = 36). Clinical testing and mortality prediction was performed in n = 400 patients that were not used in the training nor prospective cohort, and the correlation of automatic and manual RA measurements with invasive haemodynamics assessed in n = 212/400. Radiologist quality control (QC) was performed in the ASPIRE registry, n = 3795 patients. The primary QC observer evaluated all the segmentations and recorded them as satisfactory, suboptimal or failure. A second QC observer analysed a random subcohort to assess QC agreement (n = 1018).",machine learning,24
2020-11-30,Fully‑automated deep‑learning segmentation of pediatric cardiovascular magnetic resonance of patients with complex congenital heart diseases,"Volume 22, article number 80, (2020)","Saeed Karimi-Bidhendi1, Arghavan Arafati2, Andrew L. Cheng3, Yilei Wu1, Arash Kheradvar2 & …Hamid Jafarkhani1 Show authors 7103 Accesses 7 Altmetric ",Research,"For the growing patient population with congenital heart disease (CHD), improving clinical workflow, accuracy of diagnosis, and efficiency of analyses are considered unmet clinical needs. Cardiovascular magnetic resonance (CMR) imaging offers non-invasive and non-ionizing assessment of CHD patients. However, although CMR data facilitates reliable analysis of cardiac function and anatomy, clinical workflow mostly relies on manual analysis of CMR images, which is time consuming. Thus, an automated and accurate segmentation platform exclusively dedicated to pediatric CMR images can significantly improve the clinical workflow, as the present work aims to establish.","Training artificial intelligence (AI) algorithms for CMR analysis requires large annotated datasets, which are not readily available for pediatric subjects and particularly in CHD patients. To mitigate this issue, we devised a novel method that uses a generative adversarial network (GAN) to synthetically augment the training dataset via generating synthetic CMR images and their corresponding chamber segmentations. In addition, we trained and validated a deep fully convolutional network (FCN) on a dataset, consisting of \(64\) pediatric subjects with complex CHD, which we made publicly available. Dice metric, Jaccard index and Hausdorff distance as well as clinically-relevant volumetric indices are reported to assess and compare our platform with other algorithms including U-Net and cvi42, which is used in clinics.",machine learning,22
2022-04-11,Assessment of right ventricular size and function from cardiovascular magnetic resonance images using artificial intelligence,"Volume 24, article number 27, (2022)","Shuo Wang1,5, Daksh Chauhan1, Hena Patel1, Alborz amir-Khalili3, Isabel Ferreira da Silva3, Alireza Sojoudi3, Silke Friedrich3, Amita Singh1, Luis Landeras2, Tamari Miller1, Keith Ameyaw1, Akhil Narang4, Keigo Kawaji6, Qiang Tang5, Victor Mor-Avi1 & …Amit R. Patel1,2 Show authors 5748 Accesses 1 Altmetric ",Research,"Theoretically, artificial intelligence can provide an accurate automatic solution to measure right ventricular (RV) ejection fraction (RVEF) from cardiovascular magnetic resonance (CMR) images, despite the complex RV geometry. However, in our recent study, commercially available deep learning (DL) algorithms for RVEF quantification performed poorly in some patients. The current study was designed to test the hypothesis that quantification of RV function could be improved in these patients by using more diverse CMR datasets in addition to domain-specific quantitative performance evaluation metrics during the cross-validation phase of DL algorithm development.","We identified 100 patients from our prior study who had the largest differences between manually measured and automated RVEF values. Automated RVEF measurements were performed using the original version of the algorithm (DL1), an updated version (DL2) developed from a dataset that included a wider range of RV pathology and validated using multiple domain-specific quantitative performance evaluation metrics, and conventional methodology performed by a core laboratory (CORE). Each of the DL-RVEF approaches was compared against CORE-RVEF reference values using linear regression and Bland–Altman analyses. Additionally, RVEF values were classified into 3 categories: ≤ 35%, 35–50%, and ≥ 50%. Agreement between RVEF classifications made by the DL approaches and the CORE measurements was tested.",machine learning,24
2023-07-20,4D Flow cardiovascular magnetic resonance consensus statement: 2023 update,"Volume 25, article number 40, (2023)","Malenka M. Bissell ORCID: orcid.org/0000-0002-1282-28591, Francesca Raimondi2, Lamia Ait Ali3,4, Bradley D. Allen5, Alex J. Barker6, Ann Bolger7,8, Nicholas Burris9, Carl-Johan Carhäll8,10, Jeremy D. Collins4, Tino Ebbers8,10, Christopher J. Francois11, Alex Frydrychowicz12, Pankaj Garg13, Julia Geiger14,15, Hojin Ha16, Anja Hennemuth17,18,19, Michael D. Hope20, Albert Hsiao21, Kevin Johnson22, Sebastian Kozerke23, Liliana E. Ma5, Michael Markl5, Duarte Martins24, Marci Messina25, Thekla H. Oechtering12,22, Pim van Ooij26,27, Cynthia Rigsby5,28, Jose Rodriguez-Palomares29,30, Arno A. W. Roest31, Alejandro Roldán-Alzate32, Susanne Schnell5,33, Julio Sotelo34,35,36, Matthias Stuber37, Ali B. Syed38, Johannes Töger39, Rob van der Geest40, Jos Westenberg41, Liang Zhong42, Yumin Zhong43, Oliver Wieben22 & …Petter Dyverfeldt8,10 Show authors 25k Accesses 48 Altmetric 2 Mentions ",Review,NA,NA,machine learning,25
2023-02-16,Localized strain characterization of cardiomyopathy in Duchenne muscular dystrophy using novel 4D kinematic analysis of cine cardiovascular magnetic resonance,"Volume 25, article number 14, (2023)","Conner C. Earl1,3, Victoria I. Pyle1, Sydney Q. Clark1,3, Karthik Annamalai1, Paula A. Torres1, Alejandro Quintero1, Frederick W. Damen1,3, Kan N. Hor4, Larry W. Markham2,3, Jonathan H. Soslow5 & …Craig J. Goergen ORCID: orcid.org/0000-0001-8883-79531,3 Show authors 3907 Accesses 4 Altmetric ",Research,"Cardiomyopathy (CMP) is the most common cause of mortality in Duchenne muscular dystrophy (DMD), though the age of onset and clinical progression vary. We applied a novel 4D (3D + time) strain analysis method using cine cardiovascular magnetic resonance (CMR) imaging data to determine if localized strain metrics derived from 4D image analysis would be sensitive and specific for characterizing DMD CMP.",We analyzed short-axis cine CMR image stacks from 43 DMD patients (median age: 12.23 yrs [10.6–16.5]; [interquartile range]) and 25 male healthy controls (median age: 16.2 yrs [13.3–20.7]). A subset of 25 male DMD patients age-matched to the controls (median age: 15.7 yrs [14.0-17.8]) was used for comparative metrics. CMR images were compiled into 4D sequences for feature-tracking strain analysis using custom-built software. Unpaired t-test and receiver operator characteristic area under the curve (AUC) analysis were used to determine statistical significance. Spearman’s rho was used to determine correlation.,machine learning,25
2022-08-04,Le Cœur en Sabot: shape associations with adverse events in repaired tetralogy of Fallot,"Volume 24, article number 46, (2022)","Anna Mîra1, Pablo Lamata1, Kuberan Pushparajah1,2, Georgina Abraham1, Charlène A. Mauger3, Andrew D. McCulloch4,5, Jeffrey H. Omens4,5, Malenka M. Bissell6, Zach Blair7, Tyler Huffaker7, Animesh Tandon7,13, Sandy Engelhardt8,9, Sven Koehler8,9, Thomas Pickardt10, Philipp Beerbaum10,14, Samir Sarikouch10,11, Heiner Latus12, Gerald Greil7, Alistair A. Young ORCID: orcid.org/0000-0001-5702-42201,3 & …Tarique Hussain7 Show authors 4845 Accesses 1 Altmetric ",Research,Maladaptive remodelling mechanisms occur in patients with repaired tetralogy of Fallot (rToF) resulting in a cycle of metabolic and structural changes. Biventricular shape analysis may indicate mechanisms associated with adverse events independent of pulmonary regurgitant volume index (PRVI). We aimed to determine novel remodelling patterns associated with adverse events in patients with rToF using shape and function analysis.,"Biventricular shape and function were studied in 192 patients with rToF (median time from TOF repair to baseline evaluation 13.5 years). Linear discriminant analysis (LDA) and principal component analysis (PCA) were used to identify shape differences between patients with and without adverse events. Adverse events included death, arrhythmias, and cardiac arrest with median follow-up of 10 years.",machine learning,24
2022-12-31,2021–2022 state of our JCMR,"Volume 24, article number 75, (2022)",Warren J. Manning ORCID: orcid.org/0000-0001-7199-25431 5382 Accesses 1 Altmetric ,Review,NA,NA,machine learning,24
2023-12-04,Technical development and feasibility of a reusable vest to integrate cardiovascular magnetic resonance with electrocardiographic imaging,"Volume 25, article number 73, (2023)","Matthew Webber1,2,3,4, George Joy1,2, Jonathan Bennett1,2, Fiona Chan1,2, Debbie Falconer3, Hunain Shiwani1,2, Rhodri H. Davies1,2, Gunther Krausz5, Slobodan Tanackovic5, Christoph Guger5, Pablo Gonzalez6,7,8, Emma Martin4, Andrew Wong4, Alicja Rapala4, Kenan Direk4, Peter Kellman9, Iain Pierce1,2,4, Yoram Rudy10,11, Ramya Vijayakumar10,11, Nishi Chaturvedi2,4, Alun D. Hughes2,4, James C. Moon1,2, Pier D. Lambiase1,2, Xuyuan Tao12, Vladan Koncar12, Michele Orini2,4 na1 & …Gabriella Captur ORCID: orcid.org/0000-0002-5662-06422,3,4 na1 Show authors 5468 Accesses 120 Altmetric 17 Mentions ",Research,"Electrocardiographic imaging (ECGI) generates electrophysiological (EP) biomarkers while cardiovascular magnetic resonance (CMR) imaging provides data about myocardial structure, function and tissue substrate. Combining this information in one examination is desirable but requires an affordable, reusable, and high-throughput solution. We therefore developed the CMR-ECGI vest and carried out this technical development study to assess its feasibility and repeatability in vivo.","CMR was prospectively performed at 3T on participants after collecting surface potentials using the locally designed and fabricated 256-lead ECGI vest. Epicardial maps were reconstructed to generate local EP parameters such as activation time (AT), repolarization time (RT) and activation recovery intervals (ARI). 20 intra- and inter-observer and 8 scan re-scan repeatability tests.",machine learning,25
2023-08-14,Interventional cardiovascular magnetic resonance: state-of-the-art,"Volume 25, article number 48, (2023)","Toby Rogers ORCID: orcid.org/0000-0002-6043-31371,2, Adrienne E. Campbell-Washburn1, Rajiv Ramasawmy1, D. Korel Yildirim1, Christopher G. Bruce1, Laurie P. Grant1, Annette M. Stine1, Aravindan Kolandaivelu1,3, Daniel A. Herzka1, Kanishka Ratnayaka1,4 na1 & …Robert J. Lederman ORCID: orcid.org/0000-0003-1202-66731 Show authors 6532 Accesses 2 Altmetric ",Review,NA,NA,machine learning,25
2022-08-18,Quantitative susceptibility mapping (QSM) of the cardiovascular system: challenges and perspectives,"Volume 24, article number 48, (2022)","Alberto Aimo1,2, Li Huang3, Andrew Tyler3, Andrea Barison1,2, Nicola Martini2, Luigi F. Saccaro1, Sébastien Roujol ORCID: orcid.org/0000-0002-7146-05523,4 & …Pier-Giorgio Masci3 Show authors 6832 Accesses 5 Altmetric ",Review,NA,NA,machine learning,24
2020-08-03,Rapid whole-heart CMR with single volume super-resolution,"Volume 22, article number 56, (2020)","Jennifer A. Steeden1, Michael Quail1,2, Alexander Gotschy2,3, Kristian H. Mortensen2, Andreas Hauptmann4,5, Simon Arridge4, Rodney Jones1 & …Vivek Muthurangu1 Show authors 5054 Accesses 5 Altmetric ",Technical notes,"Three-dimensional, whole heart, balanced steady state free precession (WH-bSSFP) sequences provide delineation of intra-cardiac and vascular anatomy. However, they have long acquisition times. Here, we propose significant speed-ups using a deep-learning single volume super-resolution reconstruction, to recover high-resolution features from rapidly acquired low-resolution WH-bSSFP images.","A 3D residual U-Net was trained using synthetic data, created from a library of 500 high-resolution WH-bSSFP images by simulating 50% slice resolution and 50% phase resolution. The trained network was validated with 25 synthetic test data sets. Additionally, prospective low-resolution data and high-resolution data were acquired in 40 patients. In the prospective data, vessel diameters, quantitative and qualitative image quality, and diagnostic scoring was compared between the low-resolution, super-resolution and reference high-resolution WH-bSSFP data.",machine learning,22
2020-10-29,Highlights of the 2020 23rd Society for Cardiovascular Magnetic Resonance Scientific Sessions,"Volume 22, article number 75, (2020)","Lars Grosse-Wortmann ORCID: orcid.org/0000-0002-1185-38051,2,12, Christopher J. Francois3, Lilia M. Sierra-Galan4, Michael Markl5,6, Javier Sanz7, James Carr8, Chiara Bucciarelli-Ducci9,10 & …Andrew J. Powell11 Show authors 3641 Accesses 3 Altmetric ",Review,NA,NA,machine learning,22
2020-12-14,Reference ranges (“normal values”) for cardiovascular magnetic resonance (CMR) in adults and children: 2020 update,"Volume 22, article number 87, (2020)","Nadine Kawel-Boehm1,2, Scott J. Hetzel3, Bharath Ambale-Venkatesh4, Gabriella Captur5,6, Christopher J. Francois7, Michael Jerosch-Herold8, Michael Salerno9, Shawn D. Teague10, Emanuela Valsangiacomo-Buechel11, Rob J. van der Geest12 & …David A. Bluemke ORCID: orcid.org/0000-0002-8323-80867 Show authors 226k Accesses 37 Altmetric  A Correction to this article was published on 18 October 2021 This article has been updated",Review,NA,NA,machine learning,22
2022-05-09,Quantification correction for free-breathing myocardial T1ρ mapping in mice using a recursively derived description of a T1ρ* relaxation pathway,"Volume 24, article number 30, (2022)","Maximilian Gram1,2, Daniel Gensler1,3, Petra Albertova2, Fabian Tobias Gutjahr2,3, Kolja Lau1, Paula-Anahi Arias-Loza3,4, Peter Michael Jakob2 & …Peter Nordbeck1,3 Show authors 3282 Accesses 2 Altmetric ",Technical notes,"Fast and accurate T1ρ mapping in myocardium is still a major challenge, particularly in small animal models. The complex sequence design owing to electrocardiogram and respiratory gating leads to quantification errors in in vivo experiments, due to variations of the T1ρ relaxation pathway. In this study, we present an improved quantification method for T1ρ using a newly derived formalism of a T1ρ* relaxation pathway.","The new signal equation was derived by solving a recursion problem for spin-lock prepared fast gradient echo readouts. Based on Bloch simulations, we compared quantification errors using the common monoexponential model and our corrected model. The method was validated in phantom experiments and tested in vivo for myocardial T1ρ mapping in mice. Here, the impact of the breath dependent spin recovery time Trec on the quantification results was examined in detail.",machine learning,24
2021-03-18,Simultaneous measurements of 3D wall shear stress and pulse wave velocity in the murine aortic arch,"Volume 23, article number 34, (2021)","Patrick Winter ORCID: orcid.org/0000-0003-1507-85241,3 na1, Kristina Andelovic1,2 na1, Thomas Kampf1,4, Jan Hansmann5, Peter Michael Jakob1, Wolfgang Rudolf Bauer1,2, Alma Zernecke2 & …Volker Herold1 Show authors 3447 Accesses 2 Altmetric ",Technical notes,"Wall shear stress (WSS) and pulse wave velocity (PWV) are important parameters to characterize blood flow in the vessel wall. Their quantification with flow-sensitive phase-contrast (PC) cardiovascular magnetic resonance (CMR), however, is time-consuming. Furthermore, the measurement of WSS requires high spatial resolution, whereas high temporal resolution is necessary for PWV measurements. For these reasons, PWV and WSS are challenging to measure in one CMR session, making it difficult to directly compare these parameters. By using a retrospective approach with a flexible reconstruction framework, we here aimed to simultaneously assess both PWV and WSS in the murine aortic arch from the same 4D flow measurement.","Flow was measured in the aortic arch of 18-week-old wildtype (n = 5) and ApoE−/− mice (n = 5) with a self-navigated radial 4D-PC-CMR sequence. Retrospective data analysis was used to reconstruct the same dataset either at low spatial and high temporal resolution (PWV analysis) or high spatial and low temporal resolution (WSS analysis). To assess WSS, the aortic lumen was labeled by semi-automatically segmenting the reconstruction with high spatial resolution. WSS was determined from the spatial velocity gradients at the lumen surface. For calculation of the PWV, segmentation data was interpolated along the temporal dimension. Subsequently, PWV was quantified from the through-plane flow data using the multiple-points transit-time method. Reconstructions with varying frame rates and spatial resolutions were performed to investigate the influence of spatiotemporal resolution on the PWV and WSS quantification.",machine learning,23
2021-10-07,Right-left ventricular shape variations in tetralogy of Fallot: associations with pulmonary regurgitation,"Volume 23, article number 105, (2021)","Charlène A. Mauger1,2 na1, Sachin Govil3 na1, Radomir Chabiniok4,5,6,7, Kathleen Gilbert2, Sanjeet Hegde3,8, Tarique Hussain4, Andrew D. McCulloch3, Christopher J. Occleshaw9, Jeffrey Omens3, James C. Perry3,8, Kuberan Pushparajah10, Avan Suinesiaputra11, Liang Zhong ORCID: orcid.org/0000-0003-3608-417312,13 & …Alistair A. Young ORCID: orcid.org/0000-0001-5702-42201,10 Show authors 4407 Accesses 2 Altmetric ",Research,"Relationships between right ventricular (RV) and left ventricular (LV) shape and function may be useful in determining optimal timing for pulmonary valve replacement in patients with repaired tetralogy of Fallot (rTOF). However, these are multivariate and difficult to quantify. We aimed to quantify variations in biventricular shape associated with pulmonary regurgitant volume (PRV) in rTOF using a biventricular atlas.","In this cross-sectional retrospective study, a biventricular shape model was customized to cardiovascular magnetic resonance (CMR) images from 88 rTOF patients (median age 16, inter-quartile range 11.8–24.3 years). Morphometric scores quantifying biventricular shape at end-diastole and end-systole were computed using principal component analysis. Multivariate linear regression was used to quantify biventricular shape associations with PRV, corrected for age, sex, height, and weight. Regional associations were confirmed by univariate correlations with distances and angles computed from the models, as well as global systolic strains computed from changes in arc length from end-diastole to end-systole.",machine learning,23
2021-10-11,Incremental value of left atrial booster and reservoir strain in predicting atrial fibrillation in patients with hypertrophic cardiomyopathy: a cardiovascular magnetic resonance study,"Volume 23, article number 109, (2021)","Betty Raman ORCID: orcid.org/0000-0002-1239-96081 na1, Robert W. Smillie1 na1, Masliza Mahmod1, Kenneth Chan1, Rina Ariga1, Chrysovalantou Nikolaidou1, Elizabeth Ormondroyd2, Kate Thomson2, Andrew R. Harper2, Gifford Tan1, Adam J. Lewandowski2, Fernando Rodriguez Bajo1, Eleanor C. Wicks1, Barbara Casadei2, Hugh Watkins2 na2 & …Stefan Neubauer1 na2 Show authors 5390 Accesses 10 Altmetric 1 Mention ",Research,"Left atrial (LA) size and function are known predictors of new onset atrial fibrillation (AF) in hypertrophic cardiomyopathy (HCM) patients. Components of LA deformation including reservoir, conduit, and booster function provide additional information on atrial mechanics. Whether or not LA deformation can augment our ability to predict the risk of new onset AF in HCM patients beyond standard measurements is unknown.","We assessed LA size, function, and deformation on cardiovascular magnetic resonance (CMR) in 238 genotyped HCM patients and compared this with twenty age, sex, blood pressure and body mass index matched control subjects. We further evaluated the determinants of new onset AF in HCM patients.",machine learning,23
2021-03-29,Influence of the arterial input sampling location on the diagnostic accuracy of cardiovascular magnetic resonance stress myocardial perfusion quantification,"Volume 23, article number 35, (2021)","Xenios Milidonis ORCID: orcid.org/0000-0002-5446-94591 na1, Russell Franks1 na1, Torben Schneider1,2, Javier Sánchez-González3, Eva C. Sammut1,4, Sven Plein1,5 & …Amedeo Chiribiri1 Show authors 3256 Accesses 3 Altmetric ",Research,"Quantification of myocardial blood flow (MBF) and myocardial perfusion reserve (MPR) by cardiovascular magnetic resonance (CMR) perfusion requires sampling of the arterial input function (AIF). While variation in the AIF sampling location is known to impact quantification by CMR and positron emission tomography (PET) perfusion, there is no evidence to support the use of a specific location based on their diagnostic accuracy in the detection of coronary artery disease (CAD). This study aimed to evaluate the accuracy of stress MBF and MPR for different AIF sampling locations for the detection of abnormal myocardial perfusion with expert visual assessment as the reference.","Twenty-five patients with suspected or known CAD underwent vasodilator stress-rest perfusion with a dual-sequence technique at 3T. A low-resolution slice was acquired in 3-chamber view to allow AIF sampling at five different locations: left atrium (LA), basal left ventricle (bLV), mid left ventricle (mLV), apical left ventricle (aLV) and aortic root (AoR). MBF and MPR were estimated at the segmental level using Fermi function-constrained deconvolution. Segments were scored as having normal or abnormal perfusion by visual assessment and the diagnostic accuracy of stress MBF and MPR for each location was evaluated using receiver operating characteristic curve analysis.",machine learning,23
2021-07-08,Quantification of regurgitation in mitral valve prolapse with four-dimensional flow cardiovascular magnetic resonance,"Volume 23, article number 87, (2021)","Ricardo A. Spampinato1 na1, Cosima Jahnke2 na1, Gerard Crelier3, Frank Lindemann2, Florian Fahr1, Monika Czaja-Ziolkowska2, Franz Sieg1, Elfriede Strotdrees1, Gerhard Hindricks2, Michael A. Borger1 & …Ingo Paetsch2 Show authors 5492 Accesses 5 Altmetric ",Research,"Four-dimensional cardiovascular magnetic resonance (CMR) flow assessment (4D flow) allows to derive volumetric quantitative parameters in mitral regurgitation (MR) using retrospective valve tracking. However, prior studies have been conducted in functional MR or in patients with congenital heart disease, thus, data regarding the usefulness of 4D flow CMR in case of a valve pathology like mitral valve prolapse (MVP) are scarce. This study aimed to evaluate the clinical utility of cine-guided valve segmentation of 4D flow CMR in assessment of MR in MVP when compared to standardized routine CMR and transthoracic echocardiography (TTE).","Six healthy subjects and 54 patients (55 ± 16 years; 47 men) with MVP were studied. TTE severity grading used a multiparametric approach resulting in mild/mild-moderate (n = 12), moderate-severe (n = 12), and severe MR (n = 30). Regurgitant volume (RVol) and regurgitant fraction (RF) were also derived using standard volumetric CMR and 4D flow CMR datasets with direct measurement of regurgitant flow (4DFdirect) and indirect calculation using the formula: mitral valve forward flow - left ventricular outflow tract stroke volume (4DFindirect).",machine learning,23
2021-01-12,2020 - State of our JCMR,"Volume 23, article number 6, (2021)",Warren J. Manning1 3983 Accesses 2 Altmetric ,Review,NA,NA,machine learning,23
2020-02-06,Sub-segmental quantification of single (stress)-pass perfusion CMR improves the diagnostic accuracy for detection of obstructive coronary artery disease,"Volume 22, article number 14, (2020)","Melanie T. P. Le1, Niloufar Zarinabad1, Tommaso D’Angelo1,2, Ibnul Mia1, Robert Heinke1, Thomas J. Vogl3, Andreas Zeiher4, Eike Nagel1 & …Valentina O. Puntmann1,4 Show authors 4599 Accesses 6 Altmetric ",Research,"Myocardial perfusion with cardiovascular magnetic resonance (CMR) imaging is an established diagnostic test for evaluation of myocardial ischaemia. For quantification purposes, the 16 segment American Heart Association (AHA) model poses limitations in terms of extracting relevant information on the extent/severity of ischaemia as perfusion deficits will not always fall within an individual segment, which reduces its diagnostic value, and makes an accurate assessment of outcome data or a result comparison across various studies difficult. We hypothesised that division of the myocardial segments into epi- and endocardial layers and a further circumferential subdivision, resulting in a total of 96 segments, would improve the accuracy of detecting myocardial hypoperfusion. Higher (sub-)subsegmental recording of perfusion abnormalities, which are defined relatively to the normal reference using the subsegment with the highest value, may improve the spatial encoding of myocardial blood flow, based on a single stress perfusion acquisition.",A proof of concept comparison study of subsegmentation approaches based on transmural segments (16 AHA and 48 segments) vs. subdivision into epi- and endocardial (32) subsegments vs. further circumferential subdivision into 96 (sub-)subsegments for diagnostic accuracy against invasively defined obstructive coronary artery disease (CAD).,machine learning,22
2020-12-14,Myocardial fibrosis in asymptomatic and symptomatic chronic severe primary mitral regurgitation and relationship to tissue characterisation and left ventricular function on cardiovascular magnetic resonance,"Volume 22, article number 86, (2020)","Boyang Liu ORCID: orcid.org/0000-0002-3497-68671,2, Desley A. H. Neil3,4, Monisha Premchand1, Moninder Bhabra13, Ramesh Patel5, Thomas Barker5, Nicolas Nikolaidis6, J. Stephen Billing6, Thomas A. Treibel7,8, James C. Moon7,8, Arantxa González9,10, James Hodson11, Nicola C. Edwards12 & …Richard P. Steeds1,2 Show authors 4376 Accesses 3 Altmetric ",Research,"Myocardial fibrosis occurs in end-stage heart failure secondary to mitral regurgitation (MR), but it is not known whether this is present before onset of symptoms or myocardial dysfunction. This study aimed to characterise myocardial fibrosis in chronic severe primary MR on histology, compare this to tissue characterisation on cardiovascular magnetic resonance (CMR) imaging, and investigate associations with symptoms, left ventricular (LV) function, and exercise capacity.",Patients with class I or IIa indications for surgery underwent CMR and cardiopulmonary exercise testing. LV biopsies were taken at surgery and the extent of fibrosis was quantified on histology using collagen volume fraction (CVFmean) compared to autopsy controls without cardiac pathology.,machine learning,22
2021-05-20,Four-dimensional flow cardiovascular magnetic resonance in tetralogy of Fallot: a systematic review,"Volume 23, article number 59, (2021)","Ayah Elsayed1, Kathleen Gilbert2, Miriam Scadeng1, Brett R. Cowan3, Kuberan Pushparajah4 & …Alistair A. Young ORCID: orcid.org/0000-0001-5702-42201,4 Show authors 5812 Accesses 6 Altmetric ",Review,"Patients with repaired Tetralogy of Fallot (rTOF) often develop cardiovascular dysfunction and require regular imaging to evaluate deterioration and time interventions such as pulmonary valve replacement. Four-dimensional flow cardiovascular magnetic resonance (4D flow CMR) enables detailed assessment of flow characteristics in all chambers and great vessels. We performed a systematic review of intra-cardiac 4D flow applications in rTOF patients, to examine clinical utility and highlight optimal methods for evaluating rTOF patients.",A comprehensive literature search was undertaken in March 2020 on Google Scholar and Scopus. A modified version of the Critical Appraisal Skills Programme (CASP) tool was used to assess and score the applicability of each study. Important clinical outcomes were assessed including similarities and differences.,machine learning,23
2019-08-12,Neural-network classification of cardiac disease from 31P cardiovascular magnetic resonance spectroscopy measures of creatine kinase energy metabolism,"Volume 21, article number 49, (2019)","Meiyappan Solaiyappan1, Robert G. Weiss2 & Paul A. Bottomley ORCID: orcid.org/0000-0002-0071-01551 3335 Accesses 7 Altmetric ",Research,"The heart’s energy demand per gram of tissue is the body’s highest and creatine kinase (CK) metabolism, its primary energy reserve, is compromised in common heart diseases. Here, neural-network analysis is used to test whether noninvasive phosphorus (31P) cardiovascular magnetic resonance spectroscopy (CMRS) measurements of cardiac adenosine triphosphate (ATP) energy, phosphocreatine (PCr), the first-order CK reaction rate kf, and the rate of ATP synthesis through CK (CK flux), can predict specific human heart disease and clinical severity.","The data comprised the extant 178 complete sets of PCr and ATP concentrations, kf, and CK flux data from human CMRS studies performed on clinical 1.5 and 3 Tesla scanners. Healthy subjects and patients with nonischemic cardiomyopathy, dilated (DCM) or hypertrophic disease, New York Heart Association (NYHA) class I-IV heart failure (HF), or with anterior myocardial infarction are included. Three-layer neural-networks were created to classify disease and to differentiate DCM, hypertrophy and clinical NYHA class in HF patients using leave-one-out training. Network performance was assessed using ‘confusion matrices’ and ‘area-under-the-curve’ (AUC) analyses of ‘receiver operating curves’. Possible methodological bias and network imbalance were tested by segregating 1.5 and 3 Tesla data, and by data augmentation by random interpolation of nearest neighbors, respectively.",machine learning,21
2019-03-14,Automated quality control in image segmentation: application to the UK Biobank cardiovascular magnetic resonance imaging study,"Volume 21, article number 18, (2019)","Robert Robinson ORCID: orcid.org/0000-0003-3688-83311, Vanya V. Valindria1, Wenjia Bai1, Ozan Oktay1, Bernhard Kainz1, Hideaki Suzuki2, Mihir M. Sanghvi4,5, Nay Aung4,5, José Miguel Paiva4, Filip Zemrak4,5, Kenneth Fung4,5, Elena Lukaschuk6, Aaron M. Lee4,5, Valentina Carapella6, Young Jin Kim6,7, Stefan K. Piechnik6, Stefan Neubauer6, Steffen E. Petersen4,5, Chris Page3, Paul M. Matthews2,8, Daniel Rueckert1 & …Ben Glocker1 Show authors 10k Accesses 12 Altmetric ",Research,"The trend towards large-scale studies including population imaging poses new challenges in terms of quality control (QC). This is a particular issue when automatic processing tools such as image segmentation methods are employed to derive quantitative measures or biomarkers for further analyses. Manual inspection and visual QC of each segmentation result is not feasible at large scale. However, it is important to be able to automatically detect when a segmentation method fails in order to avoid inclusion of wrong measurements into subsequent analyses which could otherwise lead to incorrect conclusions.","To overcome this challenge, we explore an approach for predicting segmentation quality based on Reverse Classification Accuracy, which enables us to discriminate between successful and failed segmentations on a per-cases basis. We validate this approach on a new, large-scale manually-annotated set of 4800 cardiovascular magnetic resonance (CMR) scans. We then apply our method to a large cohort of 7250 CMR on which we have performed manual QC.",machine learning,21
2017-11-20,High-resolution and accelerated multi-parametric mapping with automated characterization of vessel disease using intravascular MRI,"Volume 19, article number 89, (2017)","Guan Wang1,2, Yi Zhang2, Shashank Sathyanarayana Hegde2 & …Paul A. Bottomley1,2 Show authors 3191 Accesses 5 Altmetric ",Research,"Atherosclerosis is prevalent in cardiovascular disease, but present imaging modalities have limited capabilities for characterizing lesion stage, progression and response to intervention. This study tests whether intravascular magnetic resonance imaging (IVMRI) measures of relaxation times (T1, T2) and proton density (PD) in a clinical 3 Tesla scanner could characterize vessel disease, and evaluates a practical strategy for accelerated quantification.","IVMRI was performed in fresh human artery segments and swine vessels in vivo, using fast multi-parametric sequences, 1–2 mm diameter loopless antennae and 200–300 μm resolution. T1, T2 and PD data were used to train a machine learning classifier (support vector machine, SVM) to automatically classify normal vessel, and early or advanced disease, using histology for validation. Disease identification using the SVM was tested with receiver operating characteristic curves. To expedite acquisition of T1, T2 and PD data for vessel characterization, the linear algebraic method (‘SLAM’) was modified to accommodate the antenna’s highly-nonuniform sensitivity, and used to provide average T1, T2 and PD measurements from compartments of normal and pathological tissue segmented from high-resolution images at acceleration factors of R ≤ 18-fold. The results were validated using compartment-average measures derived from the high-resolution scans.",machine learning,19
2018-12-28,Journal of Cardiovascular Magnetic Resonance 2017,"Volume 20, article number 89, (2018)",Warren J. Manning1 5081 Accesses 7 Altmetric ,Review,"In accordance with Open-Access publishing of Biomed Central, the JCMR articles are published on-line in continuus fashion and in the chronologic order of acceptance, with no collating of the articles into sections or special thematic issues. For this reason, over the years, the Editors have felt that it is useful to annually summarize the publications into broad areas of interest or theme, so that readers can view areas of interest in a single article in relation to each other and other contemporary JCMR articles. In this publication, the manuscripts are presented in broad themes and set in context with related literature and previously published JCMR papers to guide continuity of thought within the journal. In addition, I have elected to use this format to convey information regarding the editorial process to the readership.",NA,machine learning,20
2019-01-14,Automated analysis of cardiovascular magnetic resonance myocardial native T1 mapping images using fully convolutional neural networks,"Volume 21, article number 7, (2019)","Ahmed S. Fahmy1,2, Hossam El-Rewaidy1, Maryam Nezafat1, Shiro Nakamori1 & …Reza Nezafat1 Show authors 6229 Accesses 9 Altmetric ",Research,"Cardiovascular magnetic resonance (CMR) myocardial native T1 mapping allows assessment of interstitial diffuse fibrosis. In this technique, the global and regional T1 are measured manually by drawing region of interest in motion-corrected T1 maps. The manual analysis contributes to an already lengthy CMR analysis workflow and impacts measurements reproducibility. In this study, we propose an automated method for combined myocardium segmentation, alignment, and T1 calculation for myocardial T1 mapping.","A deep fully convolutional neural network (FCN) was used for myocardium segmentation in T1 weighted images. The segmented myocardium was then resampled on a polar grid, whose origin is located at the center-of-mass of the segmented myocardium. Myocardium T1 maps were reconstructed from the resampled T1 weighted images using curve fitting. The FCN was trained and tested using manually segmented images for 210 patients (5 slices, 11 inversion times per patient). An additional image dataset for 455 patients (5 slices and 11 inversion times per patient), analyzed by an expert reader using a semi-automatic tool, was used to validate the automatically calculated global and regional T1 values. Bland-Altman analysis, Pearson correlation coefficient, r, and the Dice similarity coefficient (DSC) were used to evaluate the performance of the FCN-based analysis on per-patient and per-slice basis. Inter-observer variability was assessed using intraclass correlation coefficient (ICC) of the T1 values calculated by the FCN-based automatic method and two readers.",machine learning,21
2019-08-08,Echocardiography and cardiovascular magnetic resonance based evaluation of myocardial strain and relationship with late gadolinium enhancement,"Volume 21, article number 46, (2019)","Jennifer Erley1, Davide Genovese2,3, Natalie Tapaskar2, Nazia Alvi2,7, Nina Rashedi2, Stephanie A. Besser2, Keigo Kawaji2,4, Neha Goyal2, Sebastian Kelle1,5,6, Roberto M. Lang2, Victor Mor-Avi2 & …Amit R. Patel2 Show authors 7798 Accesses 9 Altmetric ",Research,"We sought to: (1) determine the agreement in cardiovascular magnetic resonance (CMR) and speckle tracking echocardiography (STE) derived strain measurements, (2) compare their reproducibility, (3) determine which approach is best related to CMR late gadolinium enhancement (LGE).","While STE-derived strain is routinely used to assess left ventricular (LV) function, CMR strain measurements are not yet standardized. Strain can be measured using dedicated pulse sequences (strain-encoding, SENC), or post-processing of cine images (feature tracking, FT). It is unclear whether these measurements are interchangeable, and whether strain can be used as an alternative to LGE.",machine learning,21
2018-09-14,Automated cardiovascular magnetic resonance image analysis with fully convolutional networks,"Volume 20, article number 65, (2018)","Wenjia Bai ORCID: orcid.org/0000-0003-2943-76981, Matthew Sinclair1, Giacomo Tarroni1, Ozan Oktay1, Martin Rajchl1, Ghislain Vaillant1, Aaron M. Lee2, Nay Aung2, Elena Lukaschuk3, Mihir M. Sanghvi2, Filip Zemrak2, Kenneth Fung2, Jose Miguel Paiva2, Valentina Carapella3, Young Jin Kim3, Hideaki Suzuki4, Bernhard Kainz1, Paul M. Matthews4, Steffen E. Petersen2, Stefan K. Piechnik3, Stefan Neubauer3, Ben Glocker1 & …Daniel Rueckert1 Show authors 25k Accesses 23 Altmetric ",Research,"Cardiovascular resonance (CMR) imaging is a standard imaging modality for assessing cardiovascular diseases (CVDs), the leading cause of death globally. CMR enables accurate quantification of the cardiac chamber volume, ejection fraction and myocardial mass, providing information for diagnosis and monitoring of CVDs. However, for years, clinicians have been relying on manual approaches for CMR image analysis, which is time consuming and prone to subjective errors. It is a major clinical challenge to automatically derive quantitative and clinically relevant information from CMR images.","Deep neural networks have shown a great potential in image pattern recognition and segmentation for a variety of tasks. Here we demonstrate an automated analysis method for CMR images, which is based on a fully convolutional network (FCN). The network is trained and evaluated on a large-scale dataset from the UK Biobank, consisting of 4,875 subjects with 93,500 pixelwise annotated images. The performance of the method has been evaluated using a number of technical metrics, including the Dice metric, mean contour distance and Hausdorff distance, as well as clinically relevant measures, including left ventricle (LV) end-diastolic volume (LVEDV) and end-systolic volume (LVESV), LV mass (LVM); right ventricle (RV) end-diastolic volume (RVEDV) and end-systolic volume (RVESV).",machine learning,20
2019-07-18,Right ventricular shape and function: cardiovascular magnetic resonance reference morphology and biventricular risk factor morphometrics in UK Biobank,"Volume 21, article number 41, (2019)","Charlène Mauger1, Kathleen Gilbert1,2, Aaron M. Lee3, Mihir M. Sanghvi3, Nay Aung3, Kenneth Fung3, Valentina Carapella4, Stefan K. Piechnik4, Stefan Neubauer4, Steffen E. Petersen3, Avan Suinesiaputra1 & …Alistair A. Young ORCID: orcid.org/0000-0001-5702-42201,5 Show authors 9131 Accesses 16 Altmetric ",Research,"The associations between cardiovascular disease (CVD) risk factors and the biventricular geometry of the right ventricle (RV) and left ventricle (LV) have been difficult to assess, due to subtle and complex shape changes. We sought to quantify reference RV morphology as well as biventricular variations associated with common cardiovascular risk factors.","A biventricular shape atlas was automatically constructed using contours and landmarks from 4329 UK Biobank cardiovascular magnetic resonance (CMR) studies. A subdivision surface geometric mesh was customized to the contours using a diffeomorphic registration algorithm, with automatic correction of slice shifts due to differences in breath-hold position. A reference sub-cohort was identified consisting of 630 participants with no CVD risk factors. Morphometric scores were computed using linear regression to quantify shape variations associated with four risk factors (high cholesterol, high blood pressure, obesity and smoking) and three disease factors (diabetes, previous myocardial infarction and angina).",machine learning,21
2018-09-24,"Cardiovascular magnetic resonance imaging in the prospective, population-based, Hamburg City Health cohort study: objectives and design","Volume 20, article number 68, (2018)","Sebastian Bohnen1, Maxim Avanesov2, Annika Jagodzinski1,3, Renate B. Schnabel1,3, Tanja Zeller1,3, Mahir Karakas1,3, Jan Schneider1, Enver Tahir2, Ersin Cavus1, Clemens Spink2, Ulf K. Radunski1, Francisco Ojeda1, Gerhard Adam2, Stefan Blankenberg1,3, Gunnar K. Lund2 & …Kai Muellerleile1,3 Show authors 4292 Accesses 1 Altmetric ",Research,"The purpose of this work is to describe the objectives and design of cardiovascular magnetic resonance (CMR) imaging in the single center, prospective, population-based Hamburg City Health study (HCHS). The HCHS aims at improving risk stratification for coronary artery disease (CAD), atrial fibrillation (AF) and heart failure (HF).","The HCHS will finally include 45,000 inhabitants of the city of Hamburg (Germany) between 45 and 74 years who undergo an extensive cardiovascular evaluation and collection of biomaterials. Risk-scores for CAD, AF and HF are used to create enriched subpopulations who are invited for CMR. A total number of approximately 12,362 subjects will undergo CMR and incident CAD, AF and HF will be assessed after 6 years follow-up. The standard CMR protocol includes cine-CMR, T1 and T2 mapping, aortic/mitral valve flow measurements, Late gadolinium enhancement, angiographies and measurements of aortic distensibility. A stress-perfusion scan is added in individuals at risk for CAD. The workflow of CMR data acquisition and analyses was evaluated in a pilot cohort of 200 unselected subjects.",machine learning,20
2016-01-27,Fully automatic segmentation of heart chambers in cardiac MRI using deep learning,"Volume 18, article number P351, (2016)","MR Avendi2,1, Arash Kheradvar2 & Hamid Jafarkhani1 5054 Accesses 3 Altmetric ",Poster presentation,NA,NA,machine learning,18
2017-09-06,Radiation-free CMR diagnostic heart catheterization in children,"Volume 19, article number 65, (2017)","Kanishka Ratnayaka1,3, Joshua P. Kanter2, Anthony Z. Faranesh1, Elena K. Grant1,2, Laura J. Olivieri2, Russell R. Cross2, Ileen F. Cronin2, Karin S. Hamann2, Adrienne E. Campbell-Washburn1, Kendall J. O’Brien1,2, Toby Rogers1, Michael S. Hansen1 & …Robert J. Lederman1 Show authors 5400 Accesses 13 Altmetric ",Research,"Children with heart disease may require repeated X-Ray cardiac catheterization procedures, are more radiosensitive, and more likely to survive to experience oncologic risks of medical radiation. Cardiovascular magnetic resonance (CMR) is radiation-free and offers information about structure, function, and perfusion but not hemodynamics. We intend to perform complete radiation-free diagnostic right heart catheterization entirely using CMR fluoroscopy guidance in an unselected cohort of pediatric patients; we report the feasibility and safety.","We performed 50 CMR fluoroscopy guided comprehensive transfemoral right heart catheterizations in 39 pediatric (12.7 ± 4.7 years) subjects referred for clinically indicated cardiac catheterization. CMR guided catheterizations were assessed by completion (success/failure), procedure time, and safety events (catheterization, anesthesia). Pre and post CMR body temperature was recorded. Concurrent invasive hemodynamic and diagnostic CMR data were collected.",machine learning,19
2015-02-03,Local late gadolinium enhancement features to identify the electrophysiological substrate of post-infarction ventricular tachycardia: a machine learning approach,"Volume 17, article number P234, (2015)","Rocio Cabrera Lozoya1, Jan Margeta1, Loic Le Folgoc1, Yuki Komatsu2, Benjamin Berte2, Jatin S Relan2, Hubert Cochet2, Michel Haïssaguerre2, Pierre Jaïs2, Nicholas Ayache1 & …Maxime Sermesant1 Show authors 1727 Accesses ",Poster presentation,NA,NA,machine learning,17
2016-11-14,Objective criteria for septal fibrosis in non-ischemic dilated cardiomyopathy: validation for the prediction of future cardiovascular events,"Volume 18, article number 82, (2017)","Yoko Mikami1, Aidan Cornhill1, Bobak Heydari1,4,5, Sebastien X. Joncas1, Fahad Almehmadi2, Mohammed Zahrani2, Mahmoud Bokhari2, John Stirrat3, Raymond Yee2, Naeem Merchant1,4,5, Carmen P. Lydell1,4,5, Andrew G. Howarth1,4,5 & …James A. White1,4,5 Show authors 5567 Accesses 5 Altmetric ",Research,Expert subjective reporting of mid-wall septal fibrosis on late gadolinium enhancement (LGE) images has been shown to predict major cardiovascular outcomes in patients with non-ischemic dilated cardiomyopathy (NIDCM). This study aims to establish objective criteria for non-experts to report clinically relevant septal fibrosis and compare its performance by such readers versus experts for the prediction of cardiovascular events.,"LGE cardiovascular magnetic resonance (CMR) was performed in 118 consecutive patients with NIDCM (mean age 57 ± 14, 42 % female) and the presence of septal fibrosis scored by expert readers. CMR-naive readers performed signal threshold-based LGE quantification by referencing mean values of remote tissue and applying these to a pre-defined anatomic region to measure septal fibrosis. All patients were followed for the primary composite outcome of cardiac mortality or appropriate implantable cardioverter-defibrillator (ICD) therapy.",machine learning,18
2015-02-03,Dictionary learning for unsupervised identification of ischemic territories in CP-BOLD Cardiac MRI at rest,"Volume 17, article number Q13, (2015)","Marco Bevilacqua1, Cristian Rusu4, Rohan Dharmakumar3 & …Sotirios Tsaftaris1,2 Show authors 1338 Accesses ",Walking poster presentation,NA,NA,machine learning,17
2016-01-27,Towards pixel-wise area-at-risk characterization with cardiac BOLD MRI at rest,"Volume 18, article number P63, (2016)","Marco Bevilacqua3, Rohan Dharmakumar4 & Sotirios Tsaftaris1,2 1039 Accesses ",Poster presentation,NA,NA,machine learning,18
2016-08-26,Principles of cardiovascular magnetic resonance feature tracking and echocardiographic speckle tracking for informed clinical use,"Volume 18, article number 51, (2016)","Gianni Pedrizzetti1, Piet Claus2, Philip J. Kilner3 & …Eike Nagel ORCID: orcid.org/0000-0002-6044-950X4 Show authors 14k Accesses 30 Altmetric 2 Mentions ",Review,NA,NA,machine learning,18
2013-12-20,Evaluation of current algorithms for segmentation of scar tissue from late Gadolinium enhancement cardiovascular magnetic resonance of the left atrium: an open-access grand challenge,"Volume 15, article number 105, (2013)","Rashed Karim1, R James Housden1, Mayuragoban Balasubramaniam1, Zhong Chen1, Daniel Perry2, Ayesha Uddin1, Yosra Al-Beyatti1, Ebrahim Palkhi1, Prince Acheampong1, Samantha Obom1, Anja Hennemuth8, YingLi Lu7, Wenjia Bai4, Wenzhe Shi4, Yi Gao6, Heinz-Otto Peitgen8, Perry Radau7, Reza Razavi1, Allen Tannenbaum5, Daniel Rueckert4, Josh Cates2, Tobias Schaeffter1, Dana Peters3,9, Rob MacLeod2 & …Kawal Rhode1 Show authors 12k Accesses 9 Altmetric ",Research,Late Gadolinium enhancement (LGE) cardiovascular magnetic resonance (CMR) imaging can be used to visualise regions of fibrosis and scarring in the left atrium (LA) myocardium. This can be important for treatment stratification of patients with atrial fibrillation (AF) and for assessment of treatment after radio frequency catheter ablation (RFCA). In this paper we present a standardised evaluation benchmarking framework for algorithms segmenting fibrosis and scar from LGE CMR images. The algorithms reported are the response to an open challenge that was put to the medical imaging community through an ISBI (IEEE International Symposium on Biomedical Imaging) workshop.,"The image database consisted of 60 multicenter, multivendor LGE CMR image datasets from patients with AF, with 30 images taken before and 30 after RFCA for the treatment of AF. A reference standard for scar and fibrosis was established by merging manual segmentations from three observers. Furthermore, scar was also quantified using 2, 3 and 4 standard deviations (SD) and full-width-at-half-maximum (FWHM) methods. Seven institutions responded to the challenge: Imperial College (IC), Mevis Fraunhofer (MV), Sunnybrook Health Sciences (SY), Harvard/Boston University (HB), Yale School of Medicine (YL), King’s College London (KCL) and Utah CARMA (UTA, UTB). There were 8 different algorithms evaluated in this study.",machine learning,15
2013-01-30,Assessment of leg muscle morphology by contrast-enhanced magnetic resonance imaging (CE-MRI) in patients with peripheral arterial disease,"Volume 15, article number P235, (2013)","Gerd Brunner1,2, Jean Bismuth2, Vijay Nambi1,2, Christie M Ballantyne1,2, William A Zoghbi2, Alan Lumsden2, Joel Morrisett1 & …Dipan J Shah2 Show authors 1491 Accesses ",Poster presentation,NA,NA,machine learning,15
2013-01-30,Fully automatic planning of the long-axis views of the heart,"Volume 15, article number O54, (2013)","Carmel Hayes1, Devos Daniel2, Xiaoguang Lu3, Marie-Pierre Jolly3 & …Michaela Schmidt1 Show authors 2388 Accesses 5 Altmetric 1 Mention ",Oral presentation,NA,NA,machine learning,15
2013-05-28,"Imaging in population science: cardiovascular magnetic resonance in 100,000 participants of UK Biobank - rationale, challenges and approaches","Volume 15, article number 46, (2013)","Steffen E Petersen1, Paul M Matthews2,3, Fabian Bamberg4, David A Bluemke5, Jane M Francis6, Matthias G Friedrich7, Paul Leeson6, Eike Nagel8, Sven Plein9, Frank E Rademakers10, Alistair A Young11, Steve Garratt12, Tim Peakman12, Jonathan Sellors12, Rory Collins12 & …Stefan Neubauer6 Show authors 14k Accesses 17 Altmetric 1 Mention ",Review,NA,NA,machine learning,15
2012-02-01,"Fully-automatic, patient-specific 3D aortic arch modeling for patient treatment with aortic arch anomalies","Volume 14, article number O56, (2012)","Benedetta Leonardi1, Dime Vitanovski2, Allen Everett3, Michael Suehling2, Razvan Ionasec2, Ludmilla Mantione1 & …Giacomo Pongiglione1 Show authors 2704 Accesses ",Oral presentation,NA,NA,machine learning,14
2011-02-02,Automatic LV localization and view planning for cardiac MRI acquisition,"Volume 13, article number P39, (2011)","Peter Kellman1, Xiaoguang Lu2, Marie-Pierre Jolly2, Xiaoming Bi3, Randall Kroeker4, Michaela Schmidt5, Peter Speier5, Carmel Hayes5, Jens Guehring2 & …Edgar Mueller5 Show authors 2579 Accesses 3 Altmetric ",Poster presentation,NA,NA,machine learning,13
2022-08-11,An inline deep learning based free-breathing ECG-free cine for exercise cardiovascular magnetic resonance,"Volume 24, article number 47, (2022)","Manuel A. Morales1, Salah Assana1, Xiaoying Cai1,2, Kelvin Chow2, Hassan Haji-valizadeh1, Eiryu Sai1, Connie Tsao1, Jason Matos1, Jennifer Rodriguez1, Sophie Berg1, Neal Whitehead1, Patrick Pierce1, Beth Goddu1, Warren J. Manning1,3 & …Reza Nezafat1 Show authors 5056 Accesses 8 Altmetric ",Technical notes,"Exercise cardiovascular magnetic resonance (Ex-CMR) is a promising stress imaging test for coronary artery disease (CAD). However, Ex-CMR requires accelerated imaging techniques that result in significant aliasing artifacts. Our goal was to develop and evaluate a free-breathing and electrocardiogram (ECG)-free real-time cine with deep learning (DL)-based radial acceleration for Ex-CMR.","A 3D (2D + time) convolutional neural network was implemented to suppress artifacts from aliased radial cine images. The network was trained using synthetic real-time radial cine images simulated using breath-hold, ECG-gated segmented Cartesian k-space data acquired at 3 T from 503 patients at rest. A prototype real-time radial sequence with acceleration rate = 12 was used to collect images with inline DL reconstruction. Performance was evaluated in 8 healthy subjects in whom only rest images were collected. Subsequently, 14 subjects (6 healthy and 8 patients with suspected CAD) were prospectively recruited for an Ex-CMR to evaluate image quality. At rest (n = 22), standard breath-hold ECG-gated Cartesian segmented cine and free-breathing ECG-free real-time radial cine images were acquired. During post-exercise stress (n = 14), only real-time radial cine images were acquired. Three readers evaluated residual artifact level in all collected images on a 4-point Likert scale (1-non-diagnostic, 2-severe, 3-moderate, 4-minimal).",deep learning,24
2021-04-26,A deep learning pipeline for automatic analysis of multi-scan cardiovascular magnetic resonance,"Volume 23, article number 47, (2021)","Hakim Fadil ORCID: orcid.org/0000-0003-1142-22361, John J. Totman1, Derek J. Hausenloy2,3,4,5,6, Hee-Hwa Ho7, Prabath Joseph7, Adrian Fatt-Hoe Low8, A. Mark Richards9,10, Mark Y. Chan4 & …Stephanie Marchesseau1 Show authors 4488 Accesses 3 Altmetric ",Research,"Cardiovascular magnetic resonance (CMR) sequences are commonly used to obtain a complete description of the function and structure of the heart, provided that accurate measurements are extracted from images. New methods of extraction of information are being developed, among them, deep neural networks are powerful tools that showed the ability to perform fast and accurate segmentation. Iq1n order to reduce the time spent by reading physicians to process data and minimize intra- and inter-observer variability, we propose a fully automatic multi-scan CMR image analysis pipeline.","Sequence specific U-Net 2D models were trained to perform the segmentation of the left ventricle (LV), right ventricle (RV) and aorta in cine short-axis, late gadolinium enhancement (LGE), native T1 map, post-contrast T1, native T2 map and aortic flow sequences depending on the need. The models were trained and tested on a set of data manually segmented by experts using semi-automatic and manual tools. A set of parameters were computed from the resulting segmentations such as the left ventricular and right ventricular ejection fraction (EF), LGE scar percentage, the mean T1, T1 post, T2 values within the myocardium, and aortic flow. The Dice similarity coefficient, Hausdorff distance, mean surface distance, and Pearson correlation coefficient R were used to assess and compare the results of the U-Net based pipeline with intra-observer variability. Additionally, the pipeline was validated on two clinical studies.",deep learning,23
2023-10-02,Automated detection of cardiac rest period for trigger delay calculation for image-based navigator coronary magnetic resonance angiography,"Volume 25, article number 52, (2023)","Gregory Wood ORCID: orcid.org/0000-0002-3596-90871,2, Alexandra Uglebjerg Pedersen1,2, Karl P. Kunze3,4, Radhouene Neji3,4, Reza Hajhosseiny4,5, Jens Wetzl6, Seung Su Yoon6, Michaela Schmidt6, Bjarne Linde Nørgaard1,2, Claudia Prieto4,7,10, René M. Botnar4,7,8,9,10 & …Won Yong Kim1,2 Show authors 2511 Accesses 2 Altmetric ",Research,"Coronary magnetic resonance angiography (coronary MRA) is increasingly being considered as a clinically viable method to investigate coronary artery disease (CAD). Accurate determination of the trigger delay to place the acquisition window within the quiescent part of the cardiac cycle is critical for coronary MRA in order to reduce cardiac motion. This is currently reliant on operator-led decision making, which can negatively affect consistency of scan acquisition. Recently developed deep learning (DL) derived software may overcome these issues by automation of cardiac rest period detection.","Thirty individuals (female, n = 10) were investigated using a 0.9 mm isotropic image-navigator (iNAV)-based motion-corrected coronary MRA sequence. Each individual was scanned three times utilising different strategies for determination of the optimal trigger delay: (1) the DL software, (2) an experienced operator decision, and (3) a previously utilised formula for determining the trigger delay. Methodologies were compared using custom-made analysis software to assess visible coronary vessel length and coronary vessel sharpness for the entire vessel length and the first 4 cm of each vessel.",deep learning,25
2023-12-20,Combining generative modelling and semi-supervised domain adaptation for whole heart cardiovascular magnetic resonance angiography segmentation,"Volume 25, article number 80, (2023)","Marica Muffoletto ORCID: orcid.org/0000-0003-0756-00541, Hao Xu1, Karl P. Kunze1,2, Radhouene Neji1,2, René Botnar1, Claudia Prieto1, Daniel Rückert3,4 & …Alistair A. Young1 Show authors 3545 Accesses ",Research,"Quantification of three-dimensional (3D) cardiac anatomy is important for the evaluation of cardiovascular diseases. Changes in anatomy are indicative of remodeling processes as the heart tissue adapts to disease. Although robust segmentation methods exist for computed tomography angiography (CTA), few methods exist for whole-heart cardiovascular magnetic resonance angiograms (CMRA) which are more challenging due to variable contrast, lower signal to noise ratio and a limited amount of labeled data.","Two state-of-the-art unsupervised generative deep learning domain adaptation architectures, generative adversarial networks and variational auto-encoders, were applied to 3D whole heart segmentation of both conventional (n = 20) and high-resolution (n = 45) CMRA (target) images, given segmented CTA (source) images for training. An additional supervised loss function was implemented to improve performance given 10%, 20% and 30% segmented CMRA cases. A fully supervised nn-UNet trained on the given CMRA segmentations was used as the benchmark.",deep learning,25
2023-03-30,Automated segmentation of long and short axis DENSE cardiovascular magnetic resonance for myocardial strain analysis using spatio-temporal convolutional neural networks,"Volume 25, article number 16, (2023)","Hugo Barbaroux ORCID: orcid.org/0000-0002-0561-07781,2, Karl P. Kunze4, Radhouene Neji4, Muhummad Sohaib Nazir1, Dudley J. Pennell2,3, Sonia Nielles-Vallespin2,3, Andrew D. Scott2,3 na1 & …Alistair A. Young1 na1 Show authors 4355 Accesses 3 Altmetric ",Research,"Cine Displacement Encoding with Stimulated Echoes (DENSE) facilitates the quantification of myocardial deformation, by encoding tissue displacements in the cardiovascular magnetic resonance (CMR) image phase, from which myocardial strain can be estimated with high accuracy and reproducibility. Current methods for analyzing DENSE images still heavily rely on user input, making this process time-consuming and subject to inter-observer variability. The present study sought to develop a spatio-temporal deep learning model for segmentation of the left-ventricular (LV) myocardium, as spatial networks often fail due to contrast-related properties of DENSE images.","2D + time nnU-Net-based models have been trained to segment the LV myocardium from DENSE magnitude data in short- and long-axis images. A dataset of 360 short-axis and 124 long-axis slices was used to train the networks, from a combination of healthy subjects and patients with various conditions (hypertrophic and dilated cardiomyopathy, myocardial infarction, myocarditis). Segmentation performance was evaluated using ground-truth manual labels, and a strain analysis using conventional methods was performed to assess strain agreement with manual segmentation. Additional validation was performed using an externally acquired dataset to compare the inter- and intra-scanner reproducibility with respect to conventional methods.",deep learning,25
2022-12-15,3D black blood cardiovascular magnetic resonance atlases of congenital aortic arch anomalies and the normal fetal heart: application to automated multi-label segmentation,"Volume 24, article number 71, (2022)","Alena U. Uus1, Milou P. M. van Poppel1,2, Johannes K. Steinweg1,3, Irina Grigorescu1, Paula Ramirez Gilliland1, Thomas A. Roberts1,4, Alexia Egloff Collado3, Mary A. Rutherford3, Joseph V. Hajnal1,3, David F. A. Lloyd1,2, Kuberan Pushparajah1,2 & …Maria Deprez1 Show authors 4551 Accesses 3 Altmetric ",Research,"Image-domain motion correction of black-blood contrast T2-weighted fetal cardiovascular magnetic resonance imaging (CMR) using slice-to-volume registration (SVR) provides high-resolution three-dimensional (3D) images of the fetal heart providing excellent 3D visualisation of vascular anomalies [1]. However, 3D segmentation of these datasets, important for both clinical reporting and the application of advanced analysis techniques is currently a time-consuming process requiring manual input with potential for inter-user variability.","In this work, we present novel 3D fetal CMR population-averaged atlases of normal and abnormal fetal cardiovascular anatomy. The atlases are created using motion-corrected 3D reconstructed volumes of 86 third trimester fetuses (gestational age range 29-34 weeks) including: 28 healthy controls, 20 cases with postnatally confirmed neonatal coarctation of the aorta (CoA) and 38 vascular rings (21 right aortic arch (RAA), 17 double aortic arch (DAA)). We used only high image quality datasets with isolated anomalies and without any other deviations in the cardiovascular anatomy.In addition, we implemented and evaluated atlas-guided registration and deep learning (UNETR) methods for automated 3D multi-label segmentation of fetal cardiac vessels. We used images from CoA, RAA and DAA cohorts including: 42 cases for training (14 from each cohort), 3 for validation and 6 for testing. In addition, the potential limitations of the network were investigated on unseen datasets including 3 early gestational age (22 weeks) and 3 low SNR cases.",deep learning,24
2021-12-02,"MVnet: automated time-resolved tracking of the mitral valve plane in CMR long-axis cine images with residual neural networks: a multi-center, multi-vendor study","Volume 23, article number 137, (2021)","Ricardo A. Gonzales ORCID: orcid.org/0000-0002-9384-46021,2,3, Felicia Seemann1,2,4, Jérôme Lamy2, Hamid Mojibian2, Dan Atar5, David Erlinge6, Katarina Steding-Ehrenborg1, Håkan Arheden1, Chenxi Hu7, John A. Onofrey2,8,9, Dana C. Peters2 & …Einar Heiberg ORCID: orcid.org/0000-0003-2848-33261,4,10 Show authors 5325 Accesses 1 Altmetric ",Research,"Mitral annular plane systolic excursion (MAPSE) and left ventricular (LV) early diastolic velocity (e’) are key metrics of systolic and diastolic function, but not often measured by cardiovascular magnetic resonance (CMR). Its derivation is possible with manual, precise annotation of the mitral valve (MV) insertion points along the cardiac cycle in both two and four-chamber long-axis cines, but this process is highly time-consuming, laborious, and prone to errors. A fully automated, consistent, fast, and accurate method for MV plane tracking is lacking. In this study, we propose MVnet, a deep learning approach for MV point localization and tracking capable of deriving such clinical metrics comparable to human expert-level performance, and validated it in a multi-vendor, multi-center clinical population.","The proposed pipeline first performs a coarse MV point annotation in a given cine accurately enough to apply an automated linear transformation task, which standardizes the size, cropping, resolution, and heart orientation, and second, tracks the MV points with high accuracy. The model was trained and evaluated on 38,854 cine images from 703 patients with diverse cardiovascular conditions, scanned on equipment from 3 main vendors, 16 centers, and 7 countries, and manually annotated by 10 observers. Agreement was assessed by the intra-class correlation coefficient (ICC) for both clinical metrics and by the distance error in the MV plane displacement. For inter-observer variability analysis, an additional pair of observers performed manual annotations in a randomly chosen set of 50 patients.",deep learning,23
2022-11-28,Cardiovascular magnetic resonance images with susceptibility artifacts: artificial intelligence with spatial-attention for ventricular volumes and mass assessment,"Volume 24, article number 62, (2022)","Marco Penso ORCID: orcid.org/0000-0003-4040-61121,2, Mario Babbaro1, Sara Moccia3, Marco Guglielmo1, Maria Ludovica Carerj1,4, Carlo Maria Giacari1, Mattia Chiesa1,2, Riccardo Maragna1, Mark G. Rabbat5,6, Andrea Barison7, Nicola Martini7, Mauro Pepi1, Enrico G. Caiani2,8 na1 & …Gianluca Pontone1 na1 Show authors 3626 Accesses 4 Altmetric ",Research,"Segmentation of cardiovascular magnetic resonance (CMR) images is an essential step for evaluating dimensional and functional ventricular parameters as ejection fraction (EF) but may be limited by artifacts, which represent the major challenge to automatically derive clinical information. The aim of this study is to investigate the accuracy of a deep learning (DL) approach for automatic segmentation of cardiac structures from CMR images characterized by magnetic susceptibility artifact in patient with cardiac implanted electronic devices (CIED).","In this retrospective study, 230 patients (100 with CIED) who underwent clinically indicated CMR were used to developed and test a DL model. A novel convolutional neural network was proposed to extract the left ventricle (LV) and right (RV) ventricle endocardium and LV epicardium. In order to perform a successful segmentation, it is important the network learns to identify salient image regions even during local magnetic field inhomogeneities. The proposed network takes advantage from a spatial attention module to selectively process the most relevant information and focus on the structures of interest. To improve segmentation, especially for images with artifacts, multiple loss functions were minimized in unison. Segmentation results were assessed against manual tracings and commercial CMR analysis software cvi42(Circle Cardiovascular Imaging, Calgary, Alberta, Canada). An external dataset of 56 patients with CIED was used to assess model generalizability.",deep learning,24
2023-10-02,Highly accelerated free-breathing real-time myocardial tagging for exercise cardiovascular magnetic resonance,"Volume 25, article number 56, (2023)","Manuel A. Morales ORCID: orcid.org/0000-0003-4025-73991, Siyeop Yoon1, Ahmed Fahmy1, Fahime Ghanbari1, Shiro Nakamori1, Jennifer Rodriguez1, Jennifer Yue1, Jordan A. Street1, Daniel A. Herzka2, Warren J. Manning1,3 & …Reza Nezafat1 Show authors 2703 Accesses 1 Altmetric ",Technical notes,"Exercise cardiovascular magnetic resonance (Ex-CMR) myocardial tagging would enable quantification of myocardial deformation after exercise. However, current electrocardiogram (ECG)-segmented sequences are limited for Ex-CMR.","We developed a highly accelerated balanced steady-state free-precession real-time tagging technique for 3 T. A 12-fold acceleration was achieved using incoherent sixfold random Cartesian sampling, twofold truncated outer phase encoding, and a deep learning resolution enhancement model. The technique was tested in two prospective studies. In a rest study of 27 patients referred for clinical CMR and 19 healthy subjects, a set of ECG-segmented for comparison and two sets of real-time tagging images for repeatability assessment were collected in 2-chamber and short-axis views with spatiotemporal resolution 2.0 × 2.0 mm2 and 29 ms. In an Ex-CMR study of 26 patients with known or suspected cardiac disease and 23 healthy subjects, real-time images were collected before and after exercise. Deformation was quantified using measures of short-axis global circumferential strain (GCS). Two experienced CMR readers evaluated the image quality of all real-time data pooled from both studies using a 4-point Likert scale for tagline quality (1-excellent; 2-good; 3-moderate; 4-poor) and artifact level (1-none; 2-minimal; 3-moderate; 4-significant). Statistical evaluation included Pearson correlation coefficient (r), intraclass correlation coefficient (ICC), and coefficient of variation (CoV).",deep learning,25
2022-04-04,Reproducibility of global and segmental myocardial strain using cine DENSE at 3 T: a multicenter cardiovascular magnetic resonance study in healthy subjects and patients with heart disease,"Volume 24, article number 23, (2022)","Daniel A. Auger1, Sona. Ghadimi1, Xiaoying Cai9, Claire E. Reagan1, Changyu Sun1, Mohamad Abdi1, Jie Jane Cao3, Joshua Y. Cheng3, Nora Ngai3, Andrew D. Scott4, Pedro F. Ferreira4, John N. Oshinski5, Nick Emamifar5, Daniel B. Ennis6, Michael Loecher6, Zhan-Qiu Liu6, Pierre Croisille7,8, Magalie Viallon7, Kenneth C. Bilchick2 & …Frederick H. Epstein ORCID: orcid.org/0000-0002-1954-19881,2 Show authors 4293 Accesses 4 Altmetric ",Research,"While multiple cardiovascular magnetic resonance (CMR) methods provide excellent reproducibility of global circumferential and global longitudinal strain, achieving highly reproducible segmental strain is more challenging. Previous single-center studies have demonstrated excellent reproducibility of displacement encoding with stimulated echoes (DENSE) segmental circumferential strain. The present study evaluated the reproducibility of DENSE for measurement of whole-slice or global circumferential (Ecc), longitudinal (Ell) and radial (Err) strain, torsion, and segmental Ecc at multiple centers.","Six centers participated and a total of 81 subjects were studied, including 60 healthy subjects and 21 patients with various types of heart disease. CMR utilized 3 T scanners, and cine DENSE images were acquired in three short-axis planes and in the four-chamber long-axis view. During one imaging session, each subject underwent two separate DENSE scans to assess inter-scan reproducibility. Each subject was taken out of the scanner and repositioned between the scans. Intra-user, inter-user-same-site, inter-user-different-site, and inter-user-Human-Deep-Learning (DL) comparisons assessed the reproducibility of different users analyzing the same data. Inter-scan comparisons assessed the reproducibility of DENSE from scan to scan. The reproducibility of whole-slice or global Ecc, Ell and Err, torsion, and segmental Ecc were quantified using Bland–Altman analysis, the coefficient of variation (CV), and the intraclass correlation coefficient (ICC). CV was considered excellent for CV ≤ 10%, good for 10% < CV ≤ 20%, fair for 20% < CV ≤ 40%, and poor for CV > 40. ICC values were considered excellent for ICC > 0.74, good for ICC 0.6 < ICC ≤ 0.74, fair for ICC 0.4 < ICC ≤ 0.59, poor for ICC < 0.4.",deep learning,24
2023-11-23,A dual-stage partially interpretable neural network for joint suppression of bSSFP banding and flow artifacts in non-phase-cycled cine imaging,"Volume 25, article number 68, (2023)","Zhuo Chen1 na1, Sha Hua2 na1, Juan Gao1, Yanjia Chen2, Yiwen Gong2, Yiwen Shen2, Xin Tang1, Yixin Emu1, Wei Jin2 & …Chenxi Hu ORCID: orcid.org/0000-0003-2551-30751 Show authors 2695 Accesses 1 Altmetric ",Research,To develop a partially interpretable neural network for joint suppression of banding and flow artifacts in non-phase-cycled bSSFP cine imaging.,"A dual-stage neural network consisting of a voxel-identification (VI) sub-network and artifact-suppression (AS) sub-network is proposed. The VI sub-network provides identification of artifacts, which guides artifact suppression and improves interpretability. The AS sub-network reduces banding and flow artifacts. Short-axis cine images of 12 frequency offsets from 28 healthy subjects were used to train and test the dual-stage network. An additional 77 patients were retrospectively enrolled to evaluate its clinical generalizability. For healthy subjects, artifact suppression performance was analyzed by comparison with traditional phase cycling. The partial interpretability provided by the VI sub-network was analyzed via correlation analysis. Generalizability was evaluated for cine obtained with different sequence parameters and scanners. For patients, artifact suppression performance and partial interpretability of the network were qualitatively evaluated by 3 clinicians. Cardiac function before and after artifact suppression was assessed via left ventricular ejection fraction (LVEF).",deep learning,25
2023-11-16,Challenges and opportunities for early career medical professionals in cardiovascular magnetic resonance (CMR) imaging: a white paper from the Society for Cardiovascular Magnetic Resonance,"Volume 25, article number 65, (2023)","Purvi Parwani1, Tiffany Chen2, Bradley Allen3, Kimberly Kallianos4, Ming-Yen Ng5,6, Rebecca Kozor7, Olukayode O. Aremu8,9, Kanwal M. Farooqi10, Aurelio Secinaro11, Fabrizio Ricci12,22, Sarah Moharem-Elgamal13,14, Gabriela Liberato15,16, Akhil Narang17, Vineeta Ojha ORCID: orcid.org/0000-0003-4371-561518, Chiara Bucciarelli Ducci19, Sven Plein20 & …Karen G. Ordovas21 Show authors 3350 Accesses 14 Altmetric  This article has been updated",Review,NA,NA,deep learning,25
2023-06-26,Diagnostic accuracy of whole heart coronary magnetic resonance angiography: a systematic review and meta-analysis,"Volume 25, article number 36, (2023)","Shingo Kato ORCID: orcid.org/0000-0002-7545-06691, Mai Azuma2, Naoki Nakayama2, Kazuki Fukui2, Masanori Ito2, Naka Saito3, Nobuyuki Horita4 & …Daisuke Utsunomiya1 Show authors 3638 Accesses 11 Altmetric ",Research,The purpose of this meta-analysis was to comprehensively investigate the diagnostic ability of 1.5 T and 3.0 T whole heart coronary angiography (WHCA) to detect significant coronary artery disease (CAD) on X-ray coronary angiography.,"A literature search of electronic databases, including PubMed, Web of Science Core Collection, Cochrane advanced search, and EMBASE, was performed to retrieve and integrate articles showing significant CAD detectability of 1.5 and 3.0 T WHCA.",deep learning,25
2023-11-27,The Nottingham Ischaemic Cardiovascular Magnetic Resonance resource (NotIs CMR): a prospective paired clinical and imaging scar database—protocol,"Volume 25, article number 69, (2023)","Nikesh Jathanna1,2, Kevin Strachan1, Bara Erhayiem1, Hazlyna Kamaruddin1, Peter Swoboda3, Dorothee Auer2, Xin Chen4 & …Shahnaz Jamil-Copley ORCID: orcid.org/0000-0001-8619-57231,2 Show authors 1956 Accesses 1 Altmetric ",Study protocol,"Research utilising artificial intelligence (AI) and cardiovascular magnetic resonance (CMR) is rapidly evolving with various objectives, however AI model development, generalisation and performance may be hindered by availability of robust training datasets including contrast enhanced images.","NotIs CMR is a large UK, prospective, multicentre, observational cohort study to guide the development of a biventricular AI scar model. Patients with ischaemic heart disease undergoing clinically indicated contrast-enhanced cardiac magnetic resonance imaging will be recruited at Nottingham University Hospitals NHS Trust and Mid-Yorkshire Hospital NHS Trust. Baseline assessment will include cardiac magnetic resonance imaging, demographic data, medical history, electrocardiographic and serum biomarkers. Participants will undergo monitoring for a minimum of 5 years to document any major cardiovascular adverse events. The main objectives include (1) AI training, validation and testing to improve the performance, applicability and adaptability of an AI biventricular scar segmentation model being developed by the authors and (2) develop a curated, disease-specific imaging database to support future research and collaborations and, (3) to explore associations in clinical outcome for future risk prediction modelling studies.",deep learning,25
2023-01-26,Systolic reverse flow derived from 4D flow cardiovascular magnetic resonance in bicuspid aortic valve is associated with aortic dilation and aortic valve stenosis: a cross sectional study in 655 subjects,"Volume 25, article number 3, (2023)","Elizabeth K. Weiss ORCID: orcid.org/0000-0002-0203-72671, Kelly Jarvis1, Anthony Maroun1, S. Chris Malaisrie2, Christopher K. Mehta2, Patrick M. McCarthy2, Robert O. Bonow3, Ryan J. Avery1, Bradley D. Allen1, James C. Carr1, Cynthia K. Rigsby4 & …Michael Markl1 Show authors 3935 Accesses 5 Altmetric ",Research,"Bicuspid aortic valve (BAV) disease is associated with increased risk of aortopathy. In addition to current intervention guidelines, BAV mediated changes in aortic 3D hemodynamics have been considered as risk stratification measures. We aimed to evaluate the association of 4D flow cardiovascular magnetic resonance (CMR) derived voxel-wise aortic reverse flow with aortic dilation and to investigate the role of aortic valve regurgitation (AR) and stenosis (AS) on reverse flow in systole and diastole.","510 patients with BAV (52 ± 14 years) and 120 patients with trileaflet aortic valve (TAV) (61 ± 11 years) and mid-ascending aorta diameter (MAAD) > 35 mm who underwent CMR including 4D flow CMR were retrospectively included. An age and sex-matched healthy control cohort (n = 25, 49 ± 12 years) was selected. Voxel-wise reverse flow was calculated in the aorta and quantified by the mean reverse flow in the ascending aorta (AAo) during systole and diastole.",deep learning,25
2023-11-09,"Free-breathing simultaneous native myocardial T1, T2 and T1ρ mapping with Cartesian acquisition and dictionary matching","Volume 25, article number 63, (2023)","Zhenfeng Lyu1,2, Sha Hua3, Jian Xu4, Yiwen Shen3, Rui Guo5, Peng Hu1,2 & …Haikun Qi ORCID: orcid.org/0000-0003-4709-51851,2 Show authors 3627 Accesses 5 Altmetric ",Research,"T1, T2 and T1ρ are well-recognized parameters for quantitative cardiac MRI. Simultaneous estimation of these parameters allows for comprehensive myocardial tissue characterization, such as myocardial fibrosis and edema. However, conventional techniques either quantify the parameters individually with separate breath-hold acquisitions, which may result in unregistered parameter maps, or estimate multiple parameters in a prolonged breath-hold acquisition, which may be intolerable to patients. We propose a free-breathing multi-parametric mapping (FB-MultiMap) technique that provides co-registered myocardial T1, T2 and T1ρ maps in a single efficient acquisition.","The proposed FB-MultiMap performs electrocardiogram-triggered single-shot Cartesian acquisition over 16 consecutive cardiac cycles, where inversion, T2 and T1ρ preparations are introduced for varying contrasts. A diaphragmatic navigator was used for prospective through-plane motion correction and the in-plane motion was corrected retrospectively with a group-wise image registration method. Quantitative mapping was conducted through dictionary matching of the motion corrected images, where the subject-specific dictionary was created using Bloch simulations for a range of T1, T2 and T1ρ values, as well as B1 factors to account for B1 inhomogeneities. The FB-MultiMap was optimized and validated in numerical simulations, phantom experiments, and in vivo imaging of 15 healthy subjects and six patients with suspected cardiac diseases.",deep learning,25
2022-06-06,Imaging gravity-induced lung water redistribution with automated inline processing at 0.55 T cardiovascular magnetic resonance,"Volume 24, article number 35, (2022)","Felicia Seemann ORCID: orcid.org/0000-0003-3074-53801, Ahsan Javed1, Rachel Chae1, Rajiv Ramasawmy1, Kendall O’Brien1, Scott Baute1, Hui Xue1, Robert J. Lederman1 & …Adrienne E. Campbell-Washburn1 Show authors 3412 Accesses 1 Altmetric ",Research,Quantitative assessment of dynamic lung water accumulation is of interest to unmask latent heart failure. We develop and validate a free-breathing 3D ultrashort echo time (UTE) sequence with automated inline image processing to image changes in lung water density (LWD) using high-performance 0.55 T cardiovascular magnetic resonance (CMR).,"Quantitative lung water CMR was performed on 15 healthy subjects using free-breathing 3D stack-of-spirals proton density weighted UTE at 0.55 T. Inline image reconstruction and automated image processing was performed using the Gadgetron framework. A gravity-induced redistribution of LWD was provoked by sequentially acquiring images in the supine, prone, and again supine position. Quantitative validation was performed in a phantom array of vials containing mixtures of water and deuterium oxide.",deep learning,24
2020-08-20,Automated quantification of myocardial tissue characteristics from native T1 mapping using neural networks with uncertainty-based quality-control,"Volume 22, article number 60, (2020)","Esther Puyol-Antón1, Bram Ruijsink1,2, Christian F. Baumgartner3, Pier-Giorgio Masci1,2, Matthew Sinclair4, Ender Konukoglu3, Reza Razavi1,2 & …Andrew P. King1 Show authors 5088 Accesses 10 Altmetric ",Research,"Tissue characterisation with cardiovascular magnetic resonance (CMR) parametric mapping has the potential to detect and quantify both focal and diffuse alterations in myocardial structure not assessable by late gadolinium enhancement. Native T1 mapping in particular has shown promise as a useful biomarker to support diagnostic, therapeutic and prognostic decision-making in ischaemic and non-ischaemic cardiomyopathies.","Convolutional neural networks (CNNs) with Bayesian inference are a category of artificial neural networks which model the uncertainty of the network output. This study presents an automated framework for tissue characterisation from native shortened modified Look-Locker inversion recovery ShMOLLI T1 mapping at 1.5 T using a Probabilistic Hierarchical Segmentation (PHiSeg) network (PHCUMIS 119–127, 2019). In addition, we use the uncertainty information provided by the PHiSeg network in a novel automated quality control (QC) step to identify uncertain T1 values. The PHiSeg network and QC were validated against manual analysis on a cohort of the UK Biobank containing healthy subjects and chronic cardiomyopathy patients (N=100 for the PHiSeg network and N=700 for the QC). We used the proposed method to obtain reference T1 ranges for the left ventricular (LV) myocardium in healthy subjects as well as common clinical cardiac conditions.",deep learning,22
2021-11-08,Bright-blood and dark-blood phase sensitive inversion recovery late gadolinium enhancement and T1 and T2 maps in a single free-breathing scan: an all-in-one approach,"Volume 23, article number 126, (2021)","Peter Kellman ORCID: orcid.org/0000-0002-9875-60701, Hui Xue1, Kelvin Chow2, James Howard3,4, Liza Chacko5,6, Graham Cole3,4 & …Marianna Fontana5,6 Show authors 5422 Accesses 13 Altmetric ",Research,"Quantitative cardiovascular magnetic resonance (CMR) T1 and T2 mapping are used to detect diffuse disease such as myocardial fibrosis or edema. However, post gadolinium contrast mapping often lacks visual contrast needed for assessment of focal scar. On the other hand, late gadolinium enhancement (LGE) CMR which nulls the normal myocardium has excellent contrast between focal scar and normal myocardium but has poor ability to detect global disease. The objective of this work is to provide a calculated bright-blood (BB) and dark-blood (DB) LGE based on simultaneous acquisition of T1 and T2 maps, so that both diffuse and focal disease may be assessed within a single multi-parametric acquisition.","The prototype saturation recovery-based SASHA T1 mapping may be modified to jointly calculate T1 and T2 maps (known as multi-parametric SASHA) by acquiring additional saturation recovery (SR) images with both SR and T2 preparations. The synthetic BB phase sensitive inversion recovery (PSIR) LGE may be calculated from the post-contrast T1, and the DB PSIR LGE may be calculated from the post-contrast joint T1 and T2 maps. Multi-parametric SASHA maps were acquired free-breathing (45 heartbeats). Protocols were designed to use the same spatial resolution and achieve similar signal-to-noise ratio (SNR) as conventional motion corrected (MOCO) PSIR. The calculated BB and DB LGE were compared with separate free breathing (FB) BB and DB MOCO PSIR acquisitions requiring 16 and 32 heart beats, respectively. One slice with myocardial infarction (MI) was acquired with all protocols within 4 min.",deep learning,23
2022-03-04,2021 - State of our JCMR,"Volume 24, article number 14, (2022)","Warren J. Manning ORCID: orcid.org/0000-0001-7199-25431,2 3969 Accesses 2 Altmetric ",Review,NA,NA,deep learning,24
2021-05-17,Clinical comparison of sub-mm high-resolution non-contrast coronary CMR angiography against coronary CT angiography in patients with low-intermediate risk of coronary artery disease: a single center trial,"Volume 23, article number 57, (2021)","Reza Hajhosseiny ORCID: orcid.org/0000-0002-8116-460X1 na1, Imran Rashid1 na1, Aurélien Bustin1, Camila Munoz1, Gastao Cruz1, Muhummad Sohaib Nazir1,2, Karine Grigoryan1,2, Tevfik F. Ismail1,2, Rebecca Preston3, Radhouene Neji1,4, Karl Kunze1,4, Reza Razavi1, Amedeo Chiribiri1, Pier Giorgio Masci1, Ronak Rajani1,2, Claudia Prieto1,5 & …René M. Botnar1,5 Show authors 8435 Accesses 9 Altmetric ",Research,"The widespread clinical application of coronary cardiovascular magnetic resonance (CMR) angiography (CMRA) for the assessment of coronary artery disease (CAD) remains limited due to low scan efficiency leading to prolonged and unpredictable acquisition times; low spatial-resolution; and residual respiratory motion artefacts resulting in limited image quality. To overcome these limitations, we have integrated highly undersampled acquisitions with image-based navigators and non-rigid motion correction to enable high resolution (sub-1 mm3) free-breathing, contrast-free 3D whole-heart coronary CMRA with 100% respiratory scan efficiency in a clinically feasible and predictable acquisition time.",To evaluate the diagnostic performance of this coronary CMRA framework against coronary computed tomography angiography (CTA) in patients with suspected CAD.,deep learning,23
2019-04-25,Fully automated quantification of biventricular volumes and function in cardiovascular magnetic resonance: applicability to clinical routine settings,"Volume 21, article number 24, (2019)","Sören J. Backhaus1,2, Wieland Staab2,3, Michael Steinmetz2,4, Christian O. Ritter2,3, Joachim Lotz2,3, Gerd Hasenfuß1,2, Andreas Schuster1,2,5 & …Johannes T. Kowallick2,3 Show authors 4275 Accesses 9 Altmetric ",Research,"Cardiovascular magnetic resonance (CMR) represents the clinical gold standard for the assessment of biventricular morphology and function. Since manual post-processing is time-consuming and prone to observer variability, efforts have been directed towards automated volumetric quantification. In this study, we sought to validate the accuracy of a novel approach providing fully automated quantification of biventricular volumes and function in a “real-world” clinical setting.","Three-hundred CMR examinations were randomly selected from the local data base. Fully automated quantification of left ventricular (LV) mass, LV and right ventricular (RV) end-diastolic and end-systolic volumes (EDV/ESV), stroke volume (SV) and ejection fraction (EF) were performed overnight using commercially available software (suiteHEART®, Neosoft, Pewaukee, Wisconsin, USA). Parameters were compared to manual assessments (QMass®, Medis Medical Imaging Systems, Leiden, Netherlands). Sub-group analyses were further performed according to image quality, scanner field strength, the presence of implanted aortic valves and repaired Tetralogy of Fallot (ToF).",deep learning,21
2019-12-30,Journal of Cardiovascular Magnetic Resonance: 2017/2018 in review,"Volume 21, article number 79, (2019)",Warren J. Manning1 4757 Accesses 1 Altmetric ,Review,"In accordance with Open-Access publishing guidelines of BMC, the JCMR articles are published on-line in a continuus fashion in the chronologic order of acceptance, with no collating of the articles into sections or special thematic issues. For this reason, over the years, the Editors have felt that it is useful for the JCMR audience to annually summarize the publications into broad areas of interest or themes, so that readers can view areas of interest in a single article in relation to each other and contemporaneous JCMR publications. In this publication, the manuscripts are presented in broad themes and set in context with related literature and previously published JCMR papers to guide continuity of thought within the journal. In addition, as in the past two years, I have used this publication to also convey information regarding the editorial process and as a “State of our JCMR.”",NA,deep learning,21
2018-11-05,Validation of a rapid semi-automated method to assess left atrial longitudinal phasic strains on cine cardiovascular magnetic resonance imaging,"Volume 20, article number 71, (2018)","Shuang Leng1, Ru-San Tan1,2, Xiaodan Zhao1, John C. Allen2, Angela S. Koh1,2 & …Liang Zhong1,2 Show authors 4088 Accesses 16 Altmetric ",Research,"Abnormal left atrial (LA) function is a marker of cardiac dysfunction and adverse cardiovascular outcome, but is difficult to assess, and hence not, routinely quantified. We aimed to determine the feasibility and effectiveness of a fast method to measure long-axis LA strain and strain rate (SR) with standard cardiovascular magnetic resonance (CMR) compared to conventional feature tracking (FT) derived longitudinal strain.","We studied 50 normal controls, 30 patients with hypertrophic cardiomyopathy, and 100 heart failure (HF) patients, including 40 with reduced ejection fraction (HFrEF), 30 mid-range ejection fraction (HFmrEF) and 30 preserved ejection fraction (HFpEF). LA longitudinal strain and SR parameters were derived by tracking the distance between the left atrioventricular junction and a user-defined point at the mid posterior LA wall on standard cine CMR two- and four-chamber views. LA performance was analyzed at three distinct cardiac phases: reservoir function (reservoir strain εs and strain rate SRs), conduit function (conduit strain εe and strain rate SRe) and booster pump function (booster strain εa and strain rate SRa).",deep learning,20
2014-01-10,Tracking of stem cells in vivo for cardiovascular applications,"Volume 16, article number 7, (2014)","Nicole Azene1,2, Yingli Fu1, Jeremy Maurer1 & …Dara L Kraitchman1,2,3 Show authors 5872 Accesses 1 Altmetric ",Review,NA,NA,deep learning,16
2010-03-19,Review of Journal of Cardiovascular Magnetic Resonance 2009,"Volume 12, article number 15, (2010)","DJ Pennell1, DN Firmin1, PJ Kilner1, WJ Manning2, RH Mohiaddin1, S Neubauer3 & …SK Prasad1 Show authors 13k Accesses ",Review,NA,NA,deep learning,12
2009-01-14,The effects of breath-holding on pulmonary regurgitation measured by cardiovascular magnetic resonance velocity mapping,"Volume 11, article number 1, (2009)","Bengt Johansson1, Sonya V Babu-Narayan1 & Philip J Kilner1 8428 Accesses 6 Altmetric ",Research,"Pulmonary regurgitation is a common and clinically important residual lesion after repair of tetralogy of Fallot. Cardiovascular magnetic resonance (CMR) phase contrast velocity mapping is widely used for measurement of pulmonary regurgitant fraction. Breath-hold acquisitions, usually acquired during held expiration, are more convenient than the non-breath-hold approach, but we hypothesized that breath-holding might affect the amount of pulmonary regurgitation.","Forty-three adult patients with a previous repair of tetralogy of Fallot and residual pulmonary regurgitation were investigated with CMR. In each, pulmonary regurgitant fraction was measured from velocity maps transecting the pulmonary trunk, acquired during held expiration, held inspiration, by non-breath-hold acquisition, and also from the difference of right and left ventricular stroke volume measurements.",deep learning,11
2009-01-28,Abstract withdrawn by author,"Volume 11, article number P179, (2009)",6209 Accesses ,Poster presentation,NA,NA,deep learning,11
2009-01-28,Abstract withdrawn by author,"Volume 11, article number P198, (2009)",10k Accesses ,Poster presentation,NA,NA,deep learning,11
2020-06-01,A direct comparison of 3 T contrast-enhanced whole-heart coronary cardiovascular magnetic resonance angiography to dual-source computed tomography angiography for detection of coronary artery stenosis: a single-center experience,"Volume 22, article number 40, (2020)","Bin Sun1, Zhiyong Chen1, Qing Duan1, Yunjing Xue1, Lianglong Chen2, Zhongshuai Zhang3 & …Jing An4 Show authors 4606 Accesses 7 Altmetric ",Research,"In recent years, substantial advances have been made in noninvasive cardiac imaging, including cardiac computed tomography (CT) and cardiovascular magnetic resonance (CMR). The purpose of this study was to prospectively compare the diagnostic performance of contrast-enhanced whole heart coronary CMR angiography (CCMRA) to dual-source coronary CT angiography (CCTA) for the diagnosis of significant coronary stenoses (≥50%) in patients with known or suspected coronary artery disease (CAD) referred for conventional x-ray coronary angiography.",Our objective was to directly compare the diagnostic accuracy of contrast-enhanced whole-heart CCMRA (CE-CCMRA) to dual-source CCTA (DS-CCTA) for the detection of CAD. We prospectively studied 57 symptomatic patients with suspected or known CAD who were scheduled for conventional x-ray coronary angiography. Significant CAD was defined as an x-ray defined diameter reduction of ≥50% in a coronary artery with a reference diameter of ≥1.5 mm.,convolution,22
2019-11-18,Free breathing three-dimensional cardiac quantitative susceptibility mapping for differential cardiac chamber blood oxygenation – initial validation in patients with cardiovascular disease inclusive of direct comparison to invasive catheterization,"Volume 21, article number 70, (2019)","Yan Wen1,2, Jonathan W. Weinsaft3, Thanh D. Nguyen2, Zhe Liu1,2, Evelyn M. Horn3, Harsimran Singh3, Jonathan Kochav3, Sarah Eskreis-Winkler2, Kofi Deh2, Jiwon Kim3, Martin R. Prince2, Yi Wang1,2 & …Pascal Spincemaille ORCID: orcid.org/0000-0002-8821-13412,4 Show authors 3954 Accesses 3 Altmetric ",Research,"Differential blood oxygenation between left (LV) and right ventricles (RV; ΔSaO2) is a key index of cardiac performance; LV dysfunction yields increased RV blood pool deoxygenation. Deoxyhemoglobin increases blood magnetic susceptibility, which can be measured using an emerging cardiovascular magnetic resonance (CMR) technique, Quantitative Susceptibility Mapping (QSM) – a concept previously demonstrated in healthy subjects using a breath-hold 2D imaging approach (2DBHQSM). This study tested utility of a novel 3D free-breathing QSM approach (3DNAVQSM) in normative controls, and validated 3DNAVQSM for non-invasive ΔSaO2 quantification in patients undergoing invasive cardiac catheterization (cath).","Initial control (n = 10) testing compared 2DBHQSM (ECG-triggered 2D gradient echo acquired at end-expiration) and 3DNAVQSM (ECG-triggered navigator gated gradient echo acquired in free breathing using a phase-ordered automatic window selection algorithm to partition data based on diaphragm position). Clinical testing was subsequently performed in patients being considered for cath, including 3DNAVQSM comparison to cine-CMR quantified LV function (n = 39), and invasive-cath quantified ΔSaO2 (n = 15). QSM was acquired using 3 T scanners; analysis was blinded to comparator tests (cine-CMR, cath).",convolution,21
2019-09-19,Model-based myocardial T1 mapping with sparsity constraints using single-shot inversion-recovery radial FLASH cardiovascular magnetic resonance,"Volume 21, article number 60, (2019)","Xiaoqing Wang1,2, Florian Kohler1,2, Christina Unterberg-Buchwald1,2, Joachim Lotz1,2, Jens Frahm2,3 & …Martin Uecker1,2 Show authors 5499 Accesses 8 Altmetric ",Technical notes,"This study develops a model-based myocardial T1 mapping technique with sparsity constraints which employs a single-shot inversion-recovery (IR) radial fast low angle shot (FLASH) cardiovascular magnetic resonance (CMR) acquisition. The method should offer high resolution, accuracy, precision and reproducibility.",The proposed reconstruction estimates myocardial parameter maps directly from undersampled k-space which is continuously measured by IR radial FLASH with a 4 s breathhold and retrospectively sorted based on a cardiac trigger signal. Joint sparsity constraints are imposed on the parameter maps to further improve T1 precision. Validations involved studies of an experimental phantom and 8 healthy adult subjects.,convolution,21
2019-10-14,Fast self-navigated wall shear stress measurements in the murine aortic arch using radial 4D-phase contrast cardiovascular magnetic resonance at 17.6 T,"Volume 21, article number 64, (2019)","Patrick Winter ORCID: orcid.org/0000-0003-1507-85241,2 na1, Kristina Andelovic1,2,3 na1, Thomas Kampf1,4, Fabian Tobias Gutjahr1, Julius Heidenreich2, Alma Zernecke3, Wolfgang Rudolf Bauer2, Peter Michael Jakob1 & …Volker Herold1 Show authors 3776 Accesses 1 Altmetric ",Research,4D flow cardiovascular magnetic resonance (CMR) and the assessment of wall shear stress (WSS) are non-invasive tools to study cardiovascular risks in vivo. Major limitations of conventional triggered methods are the long measurement times needed for high-resolution data sets and the necessity of stable electrocardiographic (ECG) triggering. In this work an ECG-free retrospectively synchronized method is presented that enables accelerated high-resolution measurements of 4D flow and WSS in the aortic arch of mice.,"4D flow and WSS were measured in the aortic arch of 12-week-old wildtype C57BL/6 J mice (n = 7) with a radial 4D-phase-contrast (PC)-CMR sequence, which was validated in a flow phantom. Cardiac and respiratory motion signals were extracted from the radial CMR signal and were used for the reconstruction of 4D-flow data. Rigid motion correction and a first order B0 correction was used to improve the robustness of magnitude and velocity data.",convolution,21
2018-11-12,Quantitative myocardial first-pass cardiovascular magnetic resonance perfusion imaging using hyperpolarized [1-13C] pyruvate,"Volume 20, article number 73, (2018)","Maximilian Fuetterer1, Julia Busch1, Julia Traechtler1, Patrick Wespi1, Sophie M. Peereboom1, Mareike Sauer2, Miriam Lipiski2, Thea Fleischmann2, Nikola Cesarovic2, Christian T. Stoeck1 & …Sebastian Kozerke1 Show authors 3080 Accesses 6 Altmetric ",Research,The feasibility of absolute myocardial blood flow quantification and suitability of hyperpolarized [1-13C] pyruvate as contrast agent for first-pass cardiovascular magnetic resonance (CMR) perfusion measurements are investigated with simulations and demonstrated in vivo in a swine model.,"A versatile simulation framework for hyperpolarized CMR subject to physical, physiological and technical constraints was developed and applied to investigate experimental conditions for accurate perfusion CMR with hyperpolarized [1-13C] pyruvate. Absolute and semi-quantitative perfusion indices were analyzed with respect to experimental parameter variations and different signal-to-noise ratio (SNR) levels. Absolute myocardial blood flow quantification was implemented with an iterative deconvolution approach based on Fermi functions. To demonstrate in vivo feasibility, velocity-selective excitation with an echo-planar imaging readout was used to acquire dynamic myocardial stress perfusion images in four healthy swine. Arterial input functions were extracted from an additional image slice with conventional excitation that was acquired within the same heartbeat.",convolution,20
2017-03-10,Validation of diffusion tensor MRI measurements of cardiac microstructure with structure tensor synchrotron radiation imaging,"Volume 19, article number 31, (2017)","Irvin Teh1,2, Darryl McClymont1, Marie-Christine Zdora3,4, Hannah J. Whittington1, Valentina Davidoiu5, Jack Lee5, Craig A. Lygate1, Christoph Rau3,6,7, Irene Zanette3 & …Jürgen E. Schneider1,2 Show authors 7430 Accesses 10 Altmetric ",Research,"Diffusion tensor imaging (DTI) is widely used to assess tissue microstructure non-invasively. Cardiac DTI enables inference of cell and sheetlet orientations, which are altered under pathological conditions. However, DTI is affected by many factors, therefore robust validation is critical. Existing histological validation is intrinsically flawed, since it requires further tissue processing leading to sample distortion, is routinely limited in field-of-view and requires reconstruction of three-dimensional volumes from two-dimensional images. In contrast, synchrotron radiation imaging (SRI) data enables imaging of the heart in 3D without further preparation following DTI. The objective of the study was to validate DTI measurements based on structure tensor analysis of SRI data.","One isolated, fixed rat heart was imaged ex vivo with DTI and X-ray phase contrast SRI, and reconstructed at 100 μm and 3.6 μm isotropic resolution respectively. Structure tensors were determined from the SRI data and registered to the DTI data.",convolution,19
2017-03-06,Comparison of CT and CMR for detection and quantification of carotid artery calcification: the Rotterdam Study,"Volume 19, article number 28, (2017)","Blerim Mujaj1, Andrés M. Arias Lorza2, Arna van Engelen2, Marleen de Bruijne2,4, Oscar H. Franco1, Aad van der Lugt3, Meike W. Vernooij1,3 & …Daniel Bos1,3,5 Show authors 5047 Accesses 10 Altmetric ",Research,"Carotid artery atherosclerosis is an important risk factor for stroke. As such, quantitative imaging of carotid artery calcification, as a proxy of atherosclerosis, has become a cornerstone of current stroke research. Yet, population-based data comparing the computed tomography (CT) and cardiovascular magnetic resonance (CMR) for the detection and quantification of calcification remain scarce.","A total of 684 participants from the population-based Rotterdam Study underwent both a CT and CMR of the carotid artery bifurcation to quantify the amount of carotid artery calcification (mean interscan interval: 4.9 ± 1.2 years). We investigated the correlation between the amount of calcification measured on CT and CMR using Spearman’s correlation coefficient, Bland-Altman plots, and linear regression. In addition, using logistic regression modeling, we assessed the association of CT and CMR based calcification volumes with a history of stroke.",convolution,19
2015-12-04,Quantitative three-dimensional myocardial perfusion cardiovascular magnetic resonance with accurate two-dimensional arterial input function assessment,"Volume 17, article number 108, (2015)","Lukas Wissmann1, Markus Niemann1,2,3, Alexander Gotschy1,2,4, Robert Manka1,2,5 & …Sebastian Kozerke1,6 Show authors 3549 Accesses 7 Altmetric ",Research,"Quantification of myocardial perfusion from first-pass cardiovascular magnetic resonance (CMR) images at high contrast agent (CA) dose requires separate acquisition of blood pool and myocardial tissue enhancement. In this study, a dual-sequence approach interleaving 2D imaging of the arterial input function with high-resolution 3D imaging for myocardial perfusion assessment is presented and validated for low and high CA dose.",A dual-sequence approach interleaving 2D imaging of the aortic root and 3D imaging of the whole left ventricle using highly accelerated k-t PCA was implemented. Rest perfusion imaging was performed in ten healthy volunteers after administration of a Gadolinium-based CA at low (0.025 mmol/kg b.w.) and high dose (0.1 mmol/kg b.w.). Arterial input functions extracted from the 2D and 3D images were analysed for both doses. Myocardial contrast-to-noise ratios (CNR) were compared across volunteers and doses. Variations of myocardial perfusion estimates between volunteers and across myocardial territories were studied.,convolution,17
2015-02-17,Measurement of myocardial blood flow by cardiovascular magnetic resonance perfusion: comparison of distributed parameter and Fermi models with single and dual bolus,"Volume 17, article number 17, (2015)","Giorgos Papanastasiou1,2, Michelle C Williams2, Lucy E Kershaw3, Marc R Dweck2, Shirjel Alam2, Saeed Mirsadraee1, Martin Connell1, Calum Gray1, Tom MacGillivray1, David E Newby1,2 & …Scott IK Semple1,2 Show authors 4492 Accesses 1 Altmetric ",Research,Mathematical modeling of cardiovascular magnetic resonance perfusion data allows absolute quantification of myocardial blood flow. Saturation of left ventricle signal during standard contrast administration can compromise the input function used when applying these models. This saturation effect is evident during application of standard Fermi models in single bolus perfusion data. Dual bolus injection protocols have been suggested to eliminate saturation but are much less practical in the clinical setting. The distributed parameter model can also be used for absolute quantification but has not been applied in patients with coronary artery disease. We assessed whether distributed parameter modeling might be less dependent on arterial input function saturation than Fermi modeling in healthy volunteers. We validated the accuracy of each model in detecting reduced myocardial blood flow in stenotic vessels versus gold-standard invasive methods.,"Eight healthy subjects were scanned using a dual bolus cardiac perfusion protocol at 3T. We performed both single and dual bolus analysis of these data using the distributed parameter and Fermi models. For the dual bolus analysis, a scaled pre-bolus arterial input function was used. In single bolus analysis, the arterial input function was extracted from the main bolus. We also performed analysis using both models of single bolus data obtained from five patients with coronary artery disease and findings were compared against independent invasive coronary angiography and fractional flow reserve. Statistical significance was defined as two-sided P value < 0.05.",convolution,17
2015-02-03,Two channel passive visualization of a nitinol guidewire with iron markers,"Volume 17, article number P236, (2015)","Adrienne E Campbell-Washburn1, Toby Rogers1, Burcu Basar1,2, Merdim Sonmez1, Ozgur Kocaturk1, Robert J Lederman1, Michael Hansen1 & …Anthony Z Faranesh1 Show authors 1421 Accesses ",Poster presentation,NA,NA,convolution,17
2015-06-15,Compressed sensing to accelerate magnetic resonance spectroscopic imaging: evaluation and application to 23Na-imaging of mouse hearts,"Volume 17, article number 45, (2015)","Mahon L. Maguire1, Sairam Geethanath2, Craig A. Lygate1, Vikram D. Kodibagkar3 & …Jürgen E. Schneider1 Show authors 3743 Accesses 3 Altmetric ",Research,"Magnetic Resonance Spectroscopic Imaging (MRSI) has wide applicability for non-invasive biochemical assessment in clinical and pre-clinical applications but suffers from long scan times. Compressed sensing (CS) has been successfully applied to clinical 1H MRSI, however a detailed evaluation of CS for conventional chemical shift imaging is lacking. Here we evaluate the performance of CS accelerated MRSI, and specifically apply it to accelerate 23Na-MRSI on mouse hearts in vivo at 9.4 T.","Synthetic phantom data representing a simplified section across a mouse thorax were used to evaluate the fidelity of the CS reconstruction for varying levels of under-sampling, resolution and signal-to-noise ratios (SNR). The amplitude of signals arising from within a compartment, and signal contamination arising from outside the compartment relative to noise-free Fourier-transformed (FT) data were determined. Simulation results were subsequently verified experimentally in phantoms and in three mouse hearts in vivo.",convolution,17
2014-06-24,Method for calculating confidence intervals for phase contrast flow measurements,"Volume 16, article number 46, (2014)","Michael S Hansen1, Laura J Olivieri1,2, Kendall O’Brien1,2, Russell R Cross1,2, Souheil J Inati3 & …Peter Kellman1 Show authors 2950 Accesses 4 Altmetric ",Research,"Phase contrast (PC) measurements play an important role in several cardiovascular magnetic resonance (CMR) protocols but considerable variation is observed in such measurements. Part of this variation stems from the propagation of thermal noise from the measurement data through the image reconstruction to the region of interest analysis used in flow measurement, which limits the precision. The purpose of this study was to develop a method for direct estimation of the variation caused by thermal noise and to validate this method in phantom and in vivo data.",The estimation of confidence intervals in flow measurements is complicated by noise correlation among the image pixels and cardiac phases. This correlation is caused by sequence and reconstruction parameters. A method for the calculation of the standard deviation of region of interest measurements was adapted and expanded to accommodate typical clinical PC measurements and the region-of-interest analysis used for such measurements. This included the dependency between cardiac phases that arises due to retrospective cardiac gating used in such studies. The proposed method enables calculation of standard deviations of flow measurements without the need for repeated experiments or repeated reconstructions. The method was compared to repeated trials in phantom measurements and pseudo replica reconstructions of in vivo data. Three different flow protocols (free breathing and breath hold with various accelerations) were compared in terms of the confidence interval ranges caused by thermal noise in the measurement data.,convolution,16
2014-10-14,Quantitative assessment of magnetic resonance derived myocardial perfusion measurements using advanced techniques: microsphere validation in an explanted pig heart system,"Volume 16, article number 82, (2014)","Andreas Schuster1,2, Niloufar Zarinabad1, Masaki Ishida1, Matthew Sinclair1, Jeroen PHM van den Wijngaard3, Geraint Morton1, Gilion LTF Hautvast4, Boris Bigalke1,5, Pepijn van Horssen3, Nicolas Smith1, Jos AE Spaan3, Maria Siebes3, Amedeo Chiribiri1 & …Eike Nagel1 Show authors 4892 Accesses 3 Altmetric ",Research,"Cardiovascular Magnetic Resonance (CMR) myocardial perfusion imaging has the potential to evolve into a method allowing full quantification of myocardial blood flow (MBF) in clinical routine. Multiple quantification pathways have been proposed. However at present it remains unclear which algorithm is the most accurate. An isolated perfused, magnetic resonance (MR) compatible pig heart model allows very accurate titration of MBF and in combination with high-resolution assessment of fluorescently-labeled microspheres represents a near optimal platform for validation. We sought to investigate which algorithm is most suited to quantify myocardial perfusion by CMR at 1.5 and 3 Tesla using state of the art CMR perfusion techniques and quantification algorithms.","First-pass perfusion CMR was performed in an MR compatible blood perfused pig heart model. We acquired perfusion images at physiological flow (“rest”), reduced flow (“ischaemia”) and during adenosine-induced hyperaemia (“hyperaemia”) as well as during coronary occlusion. Perfusion CMR was performed at 1.5 Tesla (n = 4 animals) and at 3 Tesla (n = 4 animals). Fluorescently-labeled microspheres and externally controlled coronary blood flow served as reference standards for comparison of different quantification strategies, namely Fermi function deconvolution (Fermi), autoregressive moving average modelling (ARMA), exponential basis deconvolution (Exponential) and B-spline basis deconvolution (B-spline).",convolution,16
2014-08-20,MRXCAT: Realistic numerical phantoms for cardiovascular magnetic resonance,"Volume 16, article number 63, (2014)","Lukas Wissmann1, Claudio Santelli1,3, William P Segars2 & …Sebastian Kozerke1,3 Show authors 8898 Accesses 3 Altmetric ",Technical notes,"Computer simulations are important for validating novel image acquisition and reconstruction strategies. In cardiovascular magnetic resonance (CMR), numerical simulations need to combine anatomical information and the effects of cardiac and/or respiratory motion. To this end, a framework for realistic CMR simulations is proposed and its use for image reconstruction from undersampled data is demonstrated.","The extended Cardiac-Torso (XCAT) anatomical phantom framework with various motion options was used as a basis for the numerical phantoms. Different tissue, dynamic contrast and signal models, multiple receiver coils and noise are simulated. Arbitrary trajectories and undersampled acquisition can be selected. The utility of the framework is demonstrated for accelerated cine and first-pass myocardial perfusion imaging using k-t PCA and k-t SPARSE.",convolution,16
2014-01-16,A subspace approach to blind coil sensitivity estimation in parallel MRI,"Volume 16, article number W1, (2014)","Derya Gol Gungor1, Rizwan Ahmad1,2 & Lee C Potter1 1937 Accesses ",Workshop presentation,NA,NA,convolution,16
2015-04-29,Comparison of diffusion tensor imaging by cardiovascular magnetic resonance and gadolinium enhanced 3D image intensity approaches to investigation of structural anisotropy in explanted rat hearts,"Volume 17, article number 31, (2015)","Olivier Bernus1, Aleksandra Radjenovic2, Mark L Trew3, Ian J LeGrice3,4, Gregory B Sands3, Derek R Magee5, Bruce H Smaill3,4 & …Stephen H Gilbert6 Show authors 6041 Accesses 8 Altmetric ",Technical notes,Cardiovascular magnetic resonance (CMR) can through the two methods 3D FLASH and diffusion tensor imaging (DTI) give complementary information on the local orientations of cardiomyocytes and their laminar arrays.,"Eight explanted rat hearts were perfused with Gd-DTPA contrast agent and fixative and imaged in a 9.4T magnet by two types of acquisition: 3D fast low angle shot (FLASH) imaging, voxels 50 × 50 × 50 μm, and 3D spin echo DTI with monopolar diffusion gradients of 3.6 ms duration at 11.5 ms separation, voxels 200 × 200 × 200 μm. The sensitivity of each approach to imaging parameters was explored.",convolution,17
2014-01-24,Voxel-wise quantification of myocardial blood flow with cardiovascular magnetic resonance: effect of variations in methodology and validation with positron emission tomography,"Volume 16, article number 11, (2014)","Christopher A Miller1,2,3, Josephine H Naish2, Mark P Ainslie1, Christine Tonge4, Deborah Tout4, Parthiban Arumugam4, Anita Banerji2, Robin M Egdell5, David Clark6, Peter Weale7, Christopher D Steadman8, Gerry P McCann8, Simon G Ray1,3, Geoffrey JM Parker2 & …Matthias Schmitt1,2 Show authors 6670 Accesses 1 Altmetric ",Research,"Quantitative assessment of myocardial blood flow (MBF) from cardiovascular magnetic resonance (CMR) perfusion images appears to offer advantages over qualitative assessment. Currently however, clinical translation is lacking, at least in part due to considerable disparity in quantification methodology. The aim of this study was to evaluate the effect of common methodological differences in CMR voxel-wise measurement of MBF, using position emission tomography (PET) as external validation.","Eighteen subjects, including 9 with significant coronary artery disease (CAD) and 9 healthy volunteers prospectively underwent perfusion CMR. Comparison was made between MBF quantified using: 1. Calculated contrast agent concentration curves (to correct for signal saturation) versus raw signal intensity curves; 2. Mid-ventricular versus basal-ventricular short-axis arterial input function (AIF) extraction; 3. Three different deconvolution approaches; Fermi function parameterization, truncated singular value decomposition (TSVD) and first-order Tikhonov regularization with b-splines. CAD patients also prospectively underwent rubidium-82 PET (median interval 7 days).",convolution,16
2012-02-01,Divergence-free reconstruction for accelerated 3D phase-contrast flow measurements,"Volume 14, article number W38, (2012)","Julia Busch1, Daniel Giese1,2, Lukas Wissmann1 & …Sebastian Kozerke1,2 Show authors 1746 Accesses ",Workshop presentation,NA,NA,convolution,14
2012-06-25,Myocardial first-pass perfusion imaging with hybrid-EPI: frequency-offsets and potential artefacts,"Volume 14, article number 44, (2012)","Pedro F Ferreira1, Peter D Gatehouse1,2 & David N Firmin1,2 3891 Accesses ",Research,"First-pass myocardial perfusion is often imaged with a tailored hybrid centric interleaved echo-planar-imaging sequence, providing rapid image acquisition with good contrast enhancement. The centric interleaved phase-encode order minimises the effective time-of-echo but it is sensitive to frequency-offsets. This short article aims to show possible artefacts that might originate with this sequence, in the context of first-pass perfusion imaging, when frequency-offsets are present. Non-uniform magnitude modulation effects were also analysed.",Numerical and phantom simulations were used to illustrate the effects of frequency-offsets and non-uniform magnitude modulation with this sequence in a typical perfusion protocol. In vivo data was post-processed to analyse the h-EPI’s sensitivity to the frequency-offsets.,convolution,14
2012-02-01,Breath-held 3D coronary vessel wall imaging with dual-density spiral acquisition and parallel imaging,"Volume 14, article number W62, (2012)","Meihan Wang1, Michael Salerno2, Christopher M Kramer2,3 & …Craig H Meyer1,3 Show authors 1379 Accesses ",Workshop presentation,NA,NA,convolution,14
2012-02-01,Comparison of divergence-free algorithms for 3D MRI with three-directional velocity encoding,"Volume 14, article number W64, (2012)","Michael Loecher1, Steven Kecskemeti3, Patrick Turski2 & …Oliver Wieben1,2 Show authors 1676 Accesses ",Workshop presentation,NA,NA,convolution,14
2011-02-02,Myocardial ASL perfusion reserve test detects ischemic segments in initial cohort of 10 patients with angiographic CAD,"Volume 13, article number P110, (2011)","Zungho Zun1, Terrence Jao1, Ning Smith2, Padmini Varadarajan3, Ramdas G Pai3, Eric C Wong4 & …Krishna S Nayak1 Show authors 1851 Accesses ",Poster presentation,NA,NA,convolution,13
2010-10-08,Quantification of myocardial perfusion by cardiovascular magnetic resonance,"Volume 12, article number 57, (2010)",Michael Jerosch-Herold1 17k Accesses 12 Altmetric ,Review,NA,NA,convolution,12
2010-01-21,Real-time low-latency self-calibrating grog for interventional mri,"Volume 12, article number P61, (2010)","Haris Saybasili1, J Andrew Derbyshire1, Peter Kellman1, Mark A Griswold2, Cengizhan Ozturk3 & …Nicole Seiberlich2 Show authors 1498 Accesses ",Poster presentation,NA,NA,convolution,12
2009-01-28,An automated method for left ventricular localization and identification of end-systolic and end-diastolic images from cine cardiac MRI,"Volume 11, article number P222, (2009)","Sotirios A Tsaftaris1, Xiangzhi Zhou2,3, Richard Tang2, Rachel Klein2 & …Rohan Dharmakumar2 Show authors 2103 Accesses ",Poster presentation,NA,NA,convolution,11
2008-10-22,2134 Validation of the spiral Fourier velocity encoding method,"Volume 10, article number A403, (2008)","Joao LA Carvalho1, Jon F Nielsen1 & Krishna S Nayak1 1539 Accesses ",Meeting abstract,NA,NA,convolution,10
2008-11-12,Estimating myocardial perfusion from dynamic contrast-enhanced CMR with a model-independent deconvolution method,"Volume 10, article number 52, (2008)","Nathan A Pack1,2, Edward VR DiBella1,2,3, Thomas C Rust2, Dan J Kadrmas1,2,3, Christopher J McGann2, Regan Butterfield3, Paul E Christian3 & …John M Hoffman2,3 Show authors 5969 Accesses ",Research,"Model-independent analysis with B-spline regularization has been used to quantify myocardial blood flow (perfusion) in dynamic contrast-enhanced cardiovascular magnetic resonance (CMR) studies. However, the model-independent approach has not been extensively evaluated to determine how the contrast-to-noise ratio between blood and tissue enhancement affects estimates of myocardial perfusion and the degree to which the regularization is dependent on the noise in the measured enhancement data. We investigated these questions with a model-independent analysis method that uses iterative minimization and a temporal smoothness regularizer. Perfusion estimates using this method were compared to results from dynamic 13N-ammonia PET.","An iterative model-independent analysis method was developed and tested to estimate regional and pixelwise myocardial perfusion in five normal subjects imaged with a saturation recovery turboFLASH sequence at 3 T CMR. Estimates of myocardial perfusion using model-independent analysis are dependent on the choice of the regularization weight parameter, which increases nonlinearly to handle large decreases in the contrast-to-noise ratio of the measured tissue enhancement data. Quantitative perfusion estimates in five subjects imaged with 3 T CMR were 1.1 ± 0.8 ml/min/g at rest and 3.1 ± 1.7 ml/min/g at adenosine stress. The perfusion estimates correlated with dynamic 13N-ammonia PET (y = 0.90x + 0.24, r = 0.85) and were similar to results from other validated CMR studies.",convolution,10
2023-06-12,Reference data for left ventricular filling and atrial function in children using cardiovascular magnetic resonance,"Volume 25, article number 30, (2023)","Christopher C. Henderson1, Kristen George-Durrett2, Sandra Kikano2, James C. Slaughter3, Joshua D. Chew2, David Parra2, Jeffrey Weiner2 & …Jonathan Soslow ORCID: orcid.org/0000-0001-9194-53302 Show authors 2265 Accesses 2 Altmetric ",Research,"Diastolic dysfunction is associated with morbidity and mortality in multiple pediatric disease processes. Cardiovascular magnetic resonance (CMR) provides a non-invasive method of studying left ventricular (LV) diastolic dysfunction through the assessment of LV filling curves and left atrial (LA) volume and function. However, there are no normative data for LV filling curves and the standard method is time-intensive. This study aims to compare an alternate, more rapid method of obtaining LV filling curves to standard methodology and report normative CMR diastolic function data for LV filling curves and LA volumes and function.","Ninety-six healthy pediatric subjects (14.3 ± 3.4 years) with normal CMR defined by normal biventricular size and systolic function without late gadolinium enhancement were included. LV filling curves were generated by removing basal slices without myocardium present throughout the cardiac cycle and apical slices with poor endocardial delineation (compressed method), then re-generated including every phase of myocardium from apex to base (standard method). Indices of diastolic function included peak filling rate and time to peak filling. Systolic metrics included peak ejection rate and time to peak ejection. Both peak ejection and peak filling rates were indexed to end-diastolic volume. LA maximum, minimum and pre-contraction volumes were calculated using a biplane method. Inter-and intra-observer variability were assessed with intraclass correlation coefficient. Multivariable linear regression was used to assess the effects of body surface area (BSA), gender and age on metrics of diastolic function.",artificial intelligence,25
2021-11-11,Atri-U: assisted image analysis in routine cardiovascular magnetic resonance volumetry of the left atrium,"Volume 23, article number 133, (2021)","Constantin Anastasopoulos ORCID: orcid.org/0000-0001-9818-24601, Shan Yang2, Maurice Pradella1, Tugba Akinci D’Antonoli1,3, Sven Knecht4, Joshy Cyriac2, Marco Reisert5, Elias Kellner5, Rita Achermann2, Philip Haaf4, Bram Stieltjes1,2, Alexander W. Sauter1, Jens Bremerich1, Gregor Sommer1 & …Ahmed Abdulkadir ORCID: orcid.org/0000-0003-4679-80816,7 Show authors 3750 Accesses 8 Altmetric 1 Mention ",Technical notes,"Artificial intelligence can assist in cardiac image interpretation. Here, we achieved a substantial reduction in time required to read a cardiovascular magnetic resonance (CMR) study to estimate left atrial volume without compromising accuracy or reliability. Rather than deploying a fully automatic black-box, we propose to incorporate the automated LA volumetry into a human-centric interactive image-analysis process.","Atri-U, an automated data analysis pipeline for long-axis cardiac cine images, computes the atrial volume by: (i) detecting the end-systolic frame, (ii) outlining the endocardial borders of the LA, (iii) localizing the mitral annular hinge points and constructing the longitudinal atrial diameters, equivalent to the usual workup done by clinicians. In every step human interaction is possible, such that the results provided by the algorithm can be accepted, corrected, or re-done from scratch. Atri-U was trained and evaluated retrospectively on a sample of 300 patients and then applied to a consecutive clinical sample of 150 patients with various heart conditions. The agreement of the indexed LA volume between Atri-U and two experts was similar to the inter-rater agreement between clinicians (average overestimation of 0.8 mL/m2 with upper and lower limits of agreement of − 7.5 and 5.8 mL/m2, respectively). An expert cardiologist blinded to the origin of the annotations rated the outputs produced by Atri-U as acceptable in 97% of cases for step (i), 94% for step (ii) and 95% for step (iii), which was slightly lower than the acceptance rate of the outputs produced by a human expert radiologist in the same cases (92%, 100% and 100%, respectively). The assistance of Atri-U lead to an expected reduction in reading time of 66%—from 105 to 34 s, in our in-house clinical setting.",artificial intelligence,23
2023-06-22,A simplified method to correct saturation of arterial input function for cardiac magnetic resonance first-pass perfusion imaging: validation with simultaneously acquired PET,"Volume 25, article number 35, (2023)","Ran Li1, Masoud Edalati1, David Muccigrosso1, Jeffrey M. C. Lau2, Richard Laforest1, Pamela K. Woodard1 & …Jie Zheng ORCID: orcid.org/0000-0002-2310-29961 Show authors 2875 Accesses 1 Altmetric ",Technical notes,First-pass perfusion imaging in magnetic resonance imaging (MRI) is an established method to measure myocardial blood flow (MBF). An obstacle for accurate quantification of MBF is the saturation of blood pool signal intensity used for arterial input function (AIF). The objective of this project was to validate a new simplified method for AIF estimation obtained from single-bolus and single sequence perfusion measurements. The reference MBF was measured simultaneously on 13N-ammonia positron emission tomography (PET).,"Sixteen patients with clinically confirmed myocardial ischemia were imaged in a clinical whole-body PET-MRI system. PET perfusion imaging was performed in a 10-min acquisition after the injection of 10 mCi of 13N-ammonia. The MRI perfusion acquisition started simultaneously with the start of the PET acquisition after the injection of a 0.075 mmol/kg gadolinium contrast agent. Cardiac stress imaging was initiated after the administration of regadenoson 20 s prior to PET-MRI scanning. The saturation part of the MRI AIF data was modeled as a gamma variate curve, which was then estimated for a true AIF by minimizing a cost function according to various boundary conditions. A standard AHA 16-segment model was used for comparative analysis of absolute MBF from PET and MRI.",artificial intelligence,25
2023-04-13,Cardiovascular magnetic resonance-derived left atrioventricular coupling index and major adverse cardiac events in patients following acute myocardial infarction,"Volume 25, article number 24, (2023)","Torben Lange ORCID: orcid.org/0000-0003-0505-25821,2, Sören J. Backhaus1,2,3, Alexander Schulz1,2, Ruben Evertz1,2, Johannes T. Kowallick2,4, Boris Bigalke5, Gerd Hasenfuß1,2, Holger Thiele6, Thomas Stiermaier7,8, Ingo Eitel7,8 & …Andreas Schuster ORCID: orcid.org/0000-0003-1508-11251,2 Show authors 4835 Accesses 14 Altmetric ",Research,"Recently, a novel left atrioventricular coupling index (LACI) has been introduced providing prognostic value to predict cardiovascular events beyond common risk factors in patients without cardiovascular disease. Since data on cardiovascular magnetic resonance (CMR)-derived LACI in patients following acute myocardial infarction (AMI) are scarce, we aimed to assess the diagnostic and prognostic implications of LACI in a large AMI patient cohort.","In total, 1046 patients following AMI were included. After primary percutaneous coronary intervention CMR imaging and subsequent functional analyses were performed. LACI was defined by the ratio of the left atrial end-diastolic volume divided by the left ventricular (LV) end-diastolic volume. Major adverse cardiac events (MACE) including death, reinfarction or heart failure within 12 months after the index event were defined as primary clinical endpoint.",artificial intelligence,25
2023-09-18,Age- and sex-specific reference values of biventricular flow components and kinetic energy by 4D flow cardiovascular magnetic resonance in healthy subjects,"Volume 25, article number 50, (2023)","Xiaodan Zhao1, Ru-San Tan1,2,11, Pankaj Garg3, Ping Chai4,5, Shuang Leng1,2, Jennifer Ann Bryant1,2,11, Lynette L. S. Teo4,5, Tee Joo Yeo4,5, Marielle V. Fortier2,6,7, Ting Ting Low4, Ching Ching Ong4,5, Shuo Zhang8, Rob J. Van der Geest9, John C. Allen2, Teng Hong Tan2,6, James W. Yip4,5, Ju Le Tan1,2,11, Marina Hughes3, Sven Plein10, Jos J. M. Westenberg9 & …Liang Zhong1,2 Show authors 2469 Accesses 8 Altmetric ",Research,Advances in four-dimensional flow cardiovascular magnetic resonance (4D flow CMR) have allowed quantification of left ventricular (LV) and right ventricular (RV) blood flow. We aimed to (1) investigate age and sex differences of 4D flow CMR-derived LV and RV relative flow components and kinetic energy (KE) parameters indexed to end-diastolic volume (KEiEDV) in healthy subjects; and (2) assess the effects of age and sex on these parameters.,"We performed 4D flow analysis in 163 healthy participants (42% female; mean age 43 ± 13 years) of a prospective registry study (NCT03217240) who were free of cardiovascular diseases. Relative flow components (direct flow, retained inflow, delayed ejection flow, residual volume) and multiple phasic KEiEDV (global, peak systolic, average systolic, average diastolic, peak E-wave, peak A-wave) for both LV and RV were analysed.",artificial intelligence,25
2022-03-07,Social media to enhance engagement and science dissemination during in-person and virtual medical conferences: the SCMR 2020 and 2021 experiences: a report of the SCMR social media task force,"Volume 24, article number 15, (2022)","Mrinali Shetty1, Niti R. Aggarwal2 na1, Purvi Parwani ORCID: orcid.org/0000-0002-4707-992X3, Chiara Bucciarelli-Ducci4, Juan Lopez-Mattei5, Andrew Choi6 & …Lars Grosse-Wortmann7,8 Show authors 3790 Accesses 3 Altmetric ",Review,NA,NA,artificial intelligence,24
2023-06-19,Magnetic resonance myocardial T1ρ mapping,"Volume 25, article number 34, (2023)","Aurelien Bustin ORCID: orcid.org/0000-0002-2845-86171,2,3, Walter R. T. Witschey4, Ruud B. van Heeswijk ORCID: orcid.org/0000-0001-5028-45213, Hubert Cochet ORCID: orcid.org/0000-0001-7772-53311,2 & …Matthias Stuber ORCID: orcid.org/0000-0001-9843-20281,3,5 Show authors 7956 Accesses 2 Altmetric ",NA,NA,NA,artificial intelligence,25
2022-12-19,Evolution of myocardial oedema and fibrosis in HIV infected persons after the initiation of antiretroviral therapy: a prospective cardiovascular magnetic resonance study,"Volume 24, article number 72, (2022)","Pieter-Paul S. Robbertse ORCID: orcid.org/0000-0001-7454-04461,2, Anton F. Doubell1, Carl J. Lombard3,4, Mohammed A. Talle1,5 & …Philip G. Herbst1 Show authors 3806 Accesses 1 Altmetric ",Research,Human immunodeficiency virus (HIV) infected persons on antiretroviral therapy (ART) have been shown to have functionally and structurally altered ventricles and may be related to cardiovascular inflammation. Mounting evidence suggests that the myocardium of HIV infected individuals may be abnormal before ART is initiated and may represent subclinical HIV-associated cardiomyopathy (HIVAC). The influence of ART on subclinical HIVAC is not known.,"Newly diagnosed, ART naïve persons with HIV infection were enrolled along with HIV uninfected, age- and sex-matched controls. All participants underwent comprehensive cardiovascular assessment, including contrasted cardiovascular magnetic resonance (CMR) with multiparametric mapping on a 1.5T CMR system. The HIV group was started on ART (tenofovir/lamivudine/dolutegravir) and prospectively evaluated 9 months later. Cardiac tissue characterisation was compared in, and between groups using the appropriate statistical tests for the cross sectional data and the paired, prospective data respectively.",artificial intelligence,24
2021-06-10,"Demographic, multi-morbidity and genetic impact on myocardial involvement and its recovery from COVID-19: protocol design of COVID-HEART—a UK, multicentre, observational study","Volume 23, article number 77, (2021)","Miroslawa Gorecka1, Gerry P. McCann2, Colin Berry3, Vanessa M. Ferreira4, James C. Moon5, Christopher A. Miller6, Amedeo Chiribiri7, Sanjay Prasad8, Marc R. Dweck9, Chiara Bucciarelli-Ducci10, Dana Dawson11, Marianna Fontana12, Peter W. Macfarlane13, Alex McConnachie14, Stefan Neubauer4, John P. Greenwood ORCID: orcid.org/0000-0002-2861-09141 on behalf of the COVID-HEART investigatorsShow authors 5809 Accesses 7 Altmetric ",Study protocol,"Although coronavirus disease 2019 (COVID-19) is primarily a respiratory illness, myocardial injury is increasingly reported and associated with adverse outcomes. However, the pathophysiology, extent of myocardial injury and clinical significance remains unclear.","COVID-HEART is a UK, multicentre, prospective, observational, longitudinal cohort study of patients with confirmed COVID-19 and elevated troponin (sex-specific > 99th centile). Baseline assessment will be whilst recovering in-hospital or recently discharged, and include cardiovascular magnetic resonance (CMR) imaging, quality of life (QoL) assessments, electrocardiogram (ECG), serum biomarkers and genetics. Assessment at 6-months includes repeat CMR, QoL assessments and 6-min walk test (6MWT). The CMR protocol includes cine imaging, T1/T2 mapping, aortic distensibility, late gadolinium enhancement (LGE), and adenosine stress myocardial perfusion imaging in selected patients. The main objectives of the study are to: (1) characterise the extent and nature of myocardial involvement in COVID-19 patients with an elevated troponin, (2) assess how cardiac involvement and clinical outcome associate with recognised risk factors for mortality (age, sex, ethnicity and comorbidities) and genetic factors, (3) evaluate if differences in myocardial recovery at 6 months are dependent on demographics, genetics and comorbidities, (4) understand the impact of recovery status at 6 months on patient-reported QoL and functional capacity.",artificial intelligence,23
2022-12-01,Right ventricular energetic biomarkers from 4D Flow CMR are associated with exertional capacity in pulmonary arterial hypertension,"Volume 24, article number 61, (2022)","Xiaodan Zhao1 na1, Shuang Leng1,2 na1, Ru-San Tan1,2 na1, Ping Chai3,4, Tee Joo Yeo3,4, Jennifer Ann Bryant1,2, Lynette L. S. Teo3,4, Marielle V. Fortier2,5,6, Wen Ruan1, Ting Ting Low3, Ching Ching Ong3,4, Shuo Zhang7, Rob J. van der Geest8, John C. Allen2, Marina Hughes9, Pankaj Garg9, Teng Hong Tan2,5, James W. Yip3,4, Ju Le Tan1,2 & …Liang Zhong1,2 Show authors 4266 Accesses 3 Altmetric ",Research,"Cardiovascular magnetic resonance (CMR) offers comprehensive right ventricular (RV) evaluation in pulmonary arterial hypertension (PAH). Emerging four-dimensional (4D) flow CMR allows visualization and quantification of intracardiac flow components and calculation of phasic blood kinetic energy (KE) parameters but it is unknown whether these parameters are associated with cardiopulmonary exercise test (CPET)-assessed exercise capacity, which is a surrogate measure of survival in PAH. We compared 4D flow CMR parameters in PAH with healthy controls, and investigated the association of these parameters with RV remodelling, RV functional and CPET outcomes.","PAH patients and healthy controls from two centers were prospectively enrolled to undergo on-site cine and 4D flow CMR, and CPET within one week. RV remodelling index was calculated as the ratio of RV to left ventricular (LV) end-diastolic volumes (EDV). Phasic (peak systolic, average systolic, and peak E-wave) LV and RV blood flow KE indexed to EDV (KEIEDV) and ventricular LV and RV flow components (direct flow, retained inflow, delayed ejection flow, and residual volume) were calculated. Oxygen uptake (VO2), carbon dioxide production (VCO2) and minute ventilation (VE) were measured and recorded.",artificial intelligence,24
2022-08-22,Rationale and clinical applications of 4D flow cardiovascular magnetic resonance in assessment of valvular heart disease: a comprehensive review,"Volume 24, article number 49, (2022)","Miroslawa Gorecka1, Malenka M. Bissell1, David M. Higgins2, Pankaj Garg3, Sven Plein1 & …John P. Greenwood ORCID: orcid.org/0000-0002-2861-09141 Show authors 7270 Accesses 9 Altmetric ",Review,"Accurate evaluation of valvular pathology is crucial in the timing of surgical intervention. Whilst transthoracic echocardiography is widely available and routinely used in the assessment of valvular heart disease, it is bound by several limitations. Although cardiovascular magnetic resonance (CMR) imaging can overcome many of the challenges encountered by echocardiography, it also has a number of limitations.","4D Flow CMR is a novel technique, which allows time-resolved, 3-dimensional imaging. It enables visualisation and direct quantification of flow and peak velocities of all valves simultaneously in one simple acquisition, without any geometric assumptions. It also has the unique ability to measure advanced haemodynamic parameters such as turbulent kinetic energy, viscous energy loss rate and wall shear stress, which may add further diagnostic and prognostic information. Although 4D Flow CMR acquisition can take 5–10 min, emerging acceleration techniques can significantly reduce scan times, making 4D Flow CMR applicable in contemporary clinical practice.",artificial intelligence,24
2021-06-17,Use of quantitative cardiovascular magnetic resonance myocardial perfusion mapping for characterization of ischemia in patients with left internal mammary coronary artery bypass grafts,"Volume 23, article number 82, (2021)","Andreas Seraphim1,2, Kristopher D. Knott1,2, Anne-Marie Beirne2,3, Joao B. Augusto1,2, Katia Menacho1,2, Jessica Artico2, George Joy2, Rebecca Hughes1,2, Anish N. Bhuva1,2, Ryo Torii4, Hui Xue5, Thomas A. Treibel1,2, Rhodri Davies1,2, James C. Moon1,2, Daniel A. Jones2,3, Peter Kellman5 & …Charlotte Manisty ORCID: orcid.org/0000-0003-0245-70901,2 Show authors 4112 Accesses 5 Altmetric ",Research,"Quantitative myocardial perfusion mapping using cardiovascular magnetic resonance (CMR) is validated for myocardial blood flow (MBF) estimation in native vessel coronary artery disease (CAD). Following coronary artery bypass graft (CABG) surgery, perfusion defects are often detected in territories supplied by the left internal mammary artery (LIMA) graft, but their interpretation and subsequent clinical management is variable.","We assessed myocardial perfusion using quantitative CMR perfusion mapping in 38 patients with prior CABG surgery, all with angiographically-proven patent LIMA grafts to the left anterior descending coronary artery (LAD) and no prior infarction in the LAD territory. Factors potentially determining MBF in the LIMA–LAD myocardial territory, including the impact of delayed contrast arrival through the LIMA graft were evaluated.",artificial intelligence,23
2021-05-20,Comparing cardiovascular magnetic resonance strain software packages by their abilities to discriminate outcomes in patients with heart failure with preserved ejection fraction,"Volume 23, article number 55, (2021)","Ying Zhang1,2 na1, David Mui3 na1, Julio A. Chirinos1, Payman Zamani1, Victor A. Ferrari1, Yucheng Chen4 & …Yuchi Han ORCID: orcid.org/0000-0001-7582-18481 Show authors 6374 Accesses 4 Altmetric ",Research,"Cardiovascular magnetic resonance (CMR) myocardial strain analysis using feature tracking (FT) is an increasingly popular method to assess cardiac function. However, different software packages produce different strain values from the same images and there is little guidance regarding which software package would be the best to use. We explored a framework under which different software packages could be compared and used based on their abilities to differentiate disease from health and differentiate disease severity based on outcome.","To illustrate this concept, we compared 4-chamber left ventricular (LV) peak longitudinal strain (GLS) analyzed from retrospective electrocardiogram gated cine imaging performed on 1.5 T CMR scanners using three CMR post-processing software packages in their abilities to discriminate a group of 45 patients with heart failure with preserved ejection fraction (HFpEF) from 26 controls without cardiovascular disease and to discriminate disease severity based on outcomes. The three different post-processing software used were SuiteHeart, cvi42, and DRA-Trufistrain.",artificial intelligence,23
2023-07-24,Cardiovascular magnetic resonance in the guidelines of the European Society of Cardiology: a comprehensive summary and update,"Volume 25, article number 42, (2023)","Florian von Knobelsdorff-Brenkenhoff ORCID: orcid.org/0000-0003-0745-60621 & Jeanette Schulz-Menger2,3 11k Accesses 2 Altmetric ",Review,Cardiovascular magnetic resonance (CMR) has been established as a valuable tool in clinical and scientific cardiology. This study summarizes the current evidence and role of CMR in the guidelines of the European Society of Cardiology (ESC) and is an update of a former guideline analysis.,"Since the last guideline analysis performed in 2015, 28 new ESC guideline documents have been published. Twenty-seven ESC practice guidelines are currently in use. They were screened regarding CMR in the text, tables and figures. The main CMR-related sentences and recommendations were extracted.",artificial intelligence,25
2021-07-22,Dark-blood late gadolinium enhancement cardiovascular magnetic resonance for improved detection of subendocardial scar: a review of current techniques,"Volume 23, article number 96, (2021)","Robert J. Holtackers ORCID: orcid.org/0000-0003-1809-313X1,2,3, Caroline M. Van De Heyning4, Amedeo Chiribiri3, Joachim E. Wildberger1,2, René M. Botnar3,5 & …M. Eline Kooi1,2 Show authors 11k Accesses 27 Altmetric 1 Mention ",Review,NA,NA,artificial intelligence,23
2020-03-12,Standardized image interpretation and post-processing in cardiovascular magnetic resonance - 2020 update,"Volume 22, article number 19, (2020)","Jeanette Schulz-Menger1, David A. Bluemke2, Jens Bremerich3, Scott D. Flamm4, Mark A. Fogel5, Matthias G. Friedrich6, Raymond J. Kim7, Florian von Knobelsdorff-Brenkenhoff ORCID: orcid.org/0000-0003-0745-60628, Christopher M. Kramer9, Dudley J. Pennell10, Sven Plein11 & …Eike Nagel12 Show authors 43k Accesses 27 Altmetric 1 Mention ",NA,NA,NA,artificial intelligence,22
2018-10-25,Semi-automatic detection of myocardial trabeculation using cardiovascular magnetic resonance: correlation with histology and reproducibility in a mouse model of non-compaction,"Volume 20, article number 70, (2018)","Julien Frandon ORCID: orcid.org/0000-0001-7816-81781,2,3, Stéphanie Bricq4, Zakarya Bentatou1, Laetitia Marcadet5, Pierre Antoine Barral2, Mathieu Finas1, Daniel Fagret6, Frank Kober1, Gilbert Habib7, Monique Bernard1, Alain Lalande4,8, Lucile Miquerol4 & …Alexis Jacquier1,2 Show authors 2974 Accesses 4 Altmetric ",Research,"The definition of left ventricular (LV) non-compaction is controversial, and discriminating between normal and excessive LV trabeculation remains challenging. Our goal was to quantify LV trabeculation on cardiovascular magnetic resonance (CMR) images in a genetic mouse model of non-compaction using a dedicated semi-automatic software package and to compare our results to the histology used as a gold standard.","Adult mice with ventricular non-compaction were generated by conditional trabecular deletion of Nkx2–5. Thirteen mice (5 controls, 8 Nkx2–5 mutants) were included in the study. Cine CMR series were acquired in the mid LV short axis plane (resolution 0.086 × 0.086x1mm3) (11.75 T). In a sub set of 6 mice, 5 to 7 cine CMR were acquired in LV short axis to cover the whole LV with a lower resolution (0.172 × 0.172x1mm3). We used semi-automatic software to quantify the compacted mass (Mc), the trabeculated mass (Mt) and the percentage of trabeculation (Mt/Mc) on all cine acquisitions. After CMR all hearts were sliced along the short axis and stained with eosin, and histological LV contouring was performed manually, blinded from the CMR results, and Mt, Mc and Mt/Mc were quantified. Intra and interobserver reproducibility was evaluated by computing the intra class correlation coefficient (ICC).",artificial intelligence,20
2013-01-30,Does expanded artificial intelligence improve the prognostic value of myocardial perfusion imaging? A report from the NHLBI-sponsored women's ischemia syndrome evaluation (WISE),"Volume 15, article number P273, (2013)","Mark Doyle1, Gerald M Pohost2, Leslee J Shaw3, Diane A Vido1, Sheryl F Kelsey6, BD Johnson6, William J Rogers4, Geetha Rayarao1, Barry L Sharaf5, Carl J Pepine7, Noel B Merz8 & …Robert W Biederman1 Show authors 1590 Accesses ",Poster presentation,NA,NA,artificial intelligence,15
2012-02-01,Automatic heart volume measurement from CMR images using ant colony optimization with iterative salient isolated thresholding,"Volume 14, article number P286, (2012)","El-Sayed Ibrahim1, Shannon Birchell2 & Sherif Elfayoumy2 1690 Accesses ",Poster presentation,NA,NA,artificial intelligence,14
